cve_id,software_name,affected_versions,vulnerability_type,attack_vector,cvss_score,severity,published_date,cwe_ids,description,cleaned_description
CVE-2000-1233,Phorum,3.0.7 allows,SQL Injection,Remote,7.5,HIGH,2000-12-31T05:00:00.000,Unknown,SQL injection vulnerability in read.php3 and other scripts in Phorum 3.0.7 allows remote attackers to execute arbitrary SQL queries via the sSQL parameter.,SQL injection vulnerability in read.php3 and other scripts in Phorum 3.0.7 allows remote attackers to execute arbitrary SQL queries via the sSQL parameter.
CVE-2000-1236,Oracle Internet Application Server,3.0.7 and,SQL Injection,Remote,7.5,HIGH,2000-12-31T05:00:00.000,Unknown,SQL injection vulnerability in mod_sql in Oracle Internet Application Server (IAS) 3.0.7 and earlier allows remote attackers to execute arbitrary SQL commands via the query string of the URL.,SQL injection vulnerability in mod_sql in Oracle Internet Application Server (IAS) 3.0.7 and earlier allows remote attackers to execute arbitrary SQL commands via the query string of the URL.
CVE-2001-1348,,2.6.2 and,SQL Injection,Remote,7.5,HIGH,2001-05-28T04:00:00.000,Unknown,TWIG 2.6.2 and earlier allows remote attackers to perform unauthorized database operations via a SQL injection attack on the id parameter.,TWIG 2.6.2 and earlier allows remote attackers to perform unauthorized database operations via a SQL injection attack on the id parameter.
CVE-2001-1472,PHP,"1.4.0 and, 1.4.1 allows",SQL Injection,Remote,4.6,MEDIUM,2001-08-03T04:00:00.000,Unknown,SQL injection vulnerability in prefs.php in phpBB 1.4.0 and 1.4.1 allows remote authenticated users to execute arbitrary SQL commands and gain administrative access via the viewemail parameter.,SQL injection vulnerability in prefs.php in phpBB 1.4.0 and 1.4.1 allows remote authenticated users to execute arbitrary SQL commands and gain administrative access via the viewemail parameter.
CVE-2001-1379,PostgreSQL,"0.9.5, 0.9.4",SQL Injection,Remote,7.5,HIGH,2001-08-29T04:00:00.000,Unknown,"The PostgreSQL authentication modules (1) mod_auth_pgsql 0.9.5, and (2) mod_auth_pgsql_sys 0.9.4, allow remote attackers to bypass authentication and execute arbitrary SQL via a SQL injection attack on the user name.","The PostgreSQL authentication modules (1) mod_auth_pgsql 0.9.5, and (2) mod_auth_pgsql_sys 0.9.4, allow remote attackers to bypass authentication and execute arbitrary SQL via a SQL injection attack on the user name."
CVE-2001-1402,Bugzilla,2.14 does,SQL Injection,Remote,7.5,HIGH,2001-09-10T04:00:00.000,Unknown,"Bugzilla before 2.14 does not properly escape untrusted parameters, which could allow remote attackers to conduct unauthorized activities via cross-site scripting (CSS) and possibly SQL injection attacks on (1) the product or output form variables for reports.cgi, (2) the voteon, bug_id, and user variables for showvotes.cgi, (3) an invalid email address in createaccount.cgi, (4) an invalid ID in showdependencytree.cgi, (5) invalid usernames and other fields in process_bug.cgi, and (6) error messages in buglist.cgi.","Bugzilla before 2.14 does not properly escape untrusted parameters, which could allow remote attackers to conduct unauthorized activities via cross-site scripting (CSS) and possibly SQL injection attacks on (1) the product or output form variables for reports.cgi, (2) the voteon, bug_id, and user variables for showvotes.cgi, (3) an invalid email address in createaccount.cgi, (4) an invalid ID in showdependencytree.cgi, (5) invalid usernames and other fields in process_bug.cgi, and (6) error messages in buglist.cgi."
CVE-2001-1460,PostNuke,"0.62 through, 0.64 allows",SQL Injection,Remote,7.5,HIGH,2001-10-13T04:00:00.000,Unknown,SQL injection vulnerability in article.php in PostNuke 0.62 through 0.64 allows remote attackers to bypass authentication via the user parameter.,SQL injection vulnerability in article.php in PostNuke 0.62 through 0.64 allows remote attackers to bypass authentication via the user parameter.
CVE-2001-1224,Pro,2.0 allows,SQL Injection,Remote,7.5,HIGH,2001-12-23T05:00:00.000,Unknown,get_input in adrotate.pm for Les VanBrunt AdRotate Pro 2.0 allows remote attackers to modify the database and possibly execute arbitrary commands via a SQL code injection attack.,get_input in adrotate.pm for Les VanBrunt AdRotate Pro 2.0 allows remote attackers to modify the database and possibly execute arbitrary commands via a SQL code injection attack.
CVE-2001-1482,PHP,1.4.2 allows,SQL Injection,Remote,7.5,HIGH,2001-12-31T05:00:00.000,Unknown,SQL injection vulnerability in bb_memberlist.php for phpBB 1.4.2 allows remote attackers to execute arbitrary SQL queries via the $sortby variable.,SQL injection vulnerability in bb_memberlist.php for phpBB 1.4.2 allows remote attackers to execute arbitrary SQL queries via the $sortby variable.
CVE-2002-0216,XOOPS,1.0 RC1,SQL Injection,Remote,5.0,MEDIUM,2002-05-16T04:00:00.000,Unknown,"userinfo.php in XOOPS 1.0 RC1 allows remote attackers to obtain sensitive information via a SQL injection attack in the ""uid"" parameter.","userinfo.php in XOOPS 1.0 RC1 allows remote attackers to obtain sensitive information via a SQL injection attack in the ""uid"" parameter."
CVE-1999-1357,Netscape Communicator,"4.04 through, 4.7",Cross-Site Scripting,Remote,7.5,HIGH,1999-10-05T04:00:00.000,Unknown,"Netscape Communicator 4.04 through 4.7 (and possibly other versions) in various UNIX operating systems converts the 0x8b character to a ""<"" sign, and the 0x9b character to a "">"" sign, which could allow remote attackers to attack other clients via cross-site scripting (CSS) in CGI programs that do not filter these characters.","Netscape Communicator 4.04 through 4.7 (and possibly other versions) in various UNIX operating systems converts the 0x8b character to a """" sign, which could allow remote attackers to attack other clients via cross-site scripting (CSS) in CGI programs that do not filter these characters."
CVE-1999-1167,Third Voice Web,,Cross-Site Scripting,Remote,6.4,MEDIUM,1999-12-31T05:00:00.000,Unknown,Cross-site scripting vulnerability in Third Voice Web annotation utility allows remote users to read sensitive data and generate fake web pages for other Third Voice users by injecting malicious Javascript into an annotation.,Cross-site scripting vulnerability in Third Voice Web annotation utility allows remote users to read sensitive data and generate fake web pages for other Third Voice users by injecting malicious Javascript into an annotation.
CVE-2000-0746,IIS,"4.0 and, 5.0 do",Cross-Site Scripting,Unknown,7.5,HIGH,2000-10-20T04:00:00.000,Unknown,"Vulnerabilities in IIS 4.0 and 5.0 do not properly protect against cross-site scripting (CSS) attacks.  They allow a malicious web site operator to embed scripts in a link to a trusted site, which are returned without quoting in an error message back to the client.  The client then executes those scripts in the same context as the trusted site, aka the ""IIS Cross-Site Scripting"" vulnerabilities.","Vulnerabilities in IIS 4.0 and 5.0 do not properly protect against cross-site scripting (CSS) attacks. They allow a malicious web site operator to embed scripts in a link to a trusted site, which are returned without quoting in an error message back to the client. The client then executes those scripts in the same context as the trusted site, aka the ""IIS Cross-Site Scripting"" vulnerabilities."
CVE-2000-1053,,2.3.3 server,Cross-Site Scripting,Remote,10.0,CRITICAL,2000-12-11T05:00:00.000,Unknown,Allaire JRun 2.3.3 server allows remote attackers to compile and execute JSP code by inserting it via a cross-site scripting (CSS) attack and directly calling the com.livesoftware.jrun.plugins.JSP JSP servlet.,Allaire JRun 2.3.3 server allows remote attackers to compile and execute JSP code by inserting it via a cross-site scripting (CSS) attack and directly calling the com.livesoftware.jrun.plugins.JSP JSP servlet.
CVE-2000-1104,MS,,Cross-Site Scripting,Unknown,7.5,HIGH,2001-01-09T05:00:00.000,Unknown,"Variant of the ""IIS Cross-Site Scripting"" vulnerability as originally discussed in MS:MS00-060 (CVE-2000-0746) allows a malicious web site operator to embed scripts in a link to a trusted site, which are returned without quoting in an error message back to the client.  The client then executes those scripts in the same context as the trusted site.","Variant of the ""IIS Cross-Site Scripting"" vulnerability as originally discussed in MS:MS00-060 (CVE-2000-0746) allows a malicious web site operator to embed scripts in a link to a trusted site, which are returned without quoting in an error message back to the client. The client then executes those scripts in the same context as the trusted site."
CVE-2001-1416,,4.4 allow,Cross-Site Scripting,Remote,5.1,MEDIUM,2001-01-18T05:00:00.000,Unknown,"Multiple cross-site scripting (XSS) vulnerabilities in the log messages in certain Alpha versions of AOL Instant Messenger (AIM) 4.4 allow remote attackers to execute arbitrary web script or HTML via an image in the (1) DATA, (2) STYLE, or (3) BINARY tags.","Multiple cross-site scripting (XSS) vulnerabilities in the log messages in certain Alpha versions of AOL Instant Messenger (AIM) 4.4 allow remote attackers to execute arbitrary web script or HTML via an image in the (1) DATA, (2) STYLE, or (3) BINARY tags."
CVE-2001-1084,Allaire JRun,"3.0 and, 2.3.3 allows",Cross-Site Scripting,Unknown,7.5,HIGH,2001-07-02T04:00:00.000,Unknown,"Cross-site scripting vulnerability in Allaire JRun 3.0 and 2.3.3 allows a malicious webmaster to embed Javascript in a request for a .JSP, .shtml, .jsp10, .jrun, or .thtml file that does not exist, which causes the Javascript to be inserted into an error message.","Cross-site scripting vulnerability in Allaire JRun 3.0 and 2.3.3 allows a malicious webmaster to embed Javascript in a request for a .JSP, .shtml, .jsp10, .jrun, or .thtml file that does not exist, which causes the Javascript to be inserted into an error message."
CVE-2001-1161,Lotus Domino,5.0.6 allows,Cross-Site Scripting,Remote,7.5,HIGH,2001-07-02T04:00:00.000,Unknown,"Cross-site scripting (CSS) vulnerability in Lotus Domino 5.0.6 allows remote attackers to execute script on other web clients via a URL that ends in Javascript, which generates an error message that does not quote the resulting script.","Cross-site scripting (CSS) vulnerability in Lotus Domino 5.0.6 allows remote attackers to execute script on other web clients via a URL that ends in Javascript, which generates an error message that does not quote the resulting script."
CVE-2001-1441,Java,3.5 Professional,Cross-Site Scripting,Remote,6.8,MEDIUM,2001-07-02T04:00:00.000,Unknown,"Cross-site scripting (XSS) vulnerability in VisualAge for Java 3.5 Professional allows remote attackers to execute JavaScript on other clients via the URL, which injects the script in the resulting error message.","Cross-site scripting (XSS) vulnerability in VisualAge for Java 3.5 Professional allows remote attackers to execute JavaScript on other clients via the URL, which injects the script in the resulting error message."
CVE-2001-1257,Horde Internet Messaging Program,"2.2.6 and, 1.2.6 allows",Cross-Site Scripting,Remote,7.5,HIGH,2001-07-21T04:00:00.000,Unknown,Cross-site scripting vulnerability in Horde Internet Messaging Program (IMP) before 2.2.6 and 1.2.6 allows remote attackers to execute arbitrary Javascript embedded in an email.,Cross-site scripting vulnerability in Horde Internet Messaging Program (IMP) before 2.2.6 and 1.2.6 allows remote attackers to execute arbitrary Javascript embedded in an email.
CVE-2002-1648,SquirrelMail,1.2.3 allows,Cross-Site Request Forgery,Remote,7.5,HIGH,2002-12-31T05:00:00.000,Unknown,Cross-site request forgery (CSRF) vulnerability in compose.php in SquirrelMail before 1.2.3 allows remote attackers to send email as other users via an IMG URL with modified send_to and subject parameters.,Cross-site request forgery (CSRF) vulnerability in compose.php in SquirrelMail before 1.2.3 allows remote attackers to send email as other users via an IMG URL with modified send_to and subject parameters.
CVE-2002-2426,Citrix Presentation Server,"4.0 and, 4.5, 3.0, 1.0 through, 2.0 allows",Cross-Site Request Forgery,Remote,4.3,MEDIUM,2002-12-31T05:00:00.000,CWE-352,"Cross-site request forgery (CSRF) vulnerability in Citrix Presentation Server 4.0 and 4.5, MetaFrame Presentation Server 3.0, and Access Essentials 1.0 through 2.0 allows remote attackers to execute arbitrary published applications, and possibly other programs, as authenticated users via the InitialProgram key in an ICA connection. NOTE: some of these details are obtained from third party information.","Cross-site request forgery (CSRF) vulnerability in Citrix Presentation Server 4.0 and 4.5, MetaFrame Presentation Server 3.0, and Access Essentials 1.0 through 2.0 allows remote attackers to execute arbitrary published applications, and possibly other programs, as authenticated users via the InitialProgram key in an ICA connection. NOTE: some of these details are obtained from third party information."
CVE-2004-1967,Open Bulletin Board,1.0.6 and,Cross-Site Request Forgery,Remote,8.8,HIGH,2004-04-25T04:00:00.000,CWE-352,"Cross-site request forgery (CSRF) vulnerabilities in (1) cp_forums.php, (2) cp_usergroup.php, (3) cp_ipbans.php, (4) myhome.php, (5) post.php, or (6) moderator.php in Open Bulletin Board (OpenBB) 1.0.6 and earlier allow remote attackers to execute arbitrary code by including the code in an image tag or a link.","Cross-site request forgery (CSRF) vulnerabilities in (1) cp_forums.php, (2) cp_usergroup.php, (3) cp_ipbans.php, (4) myhome.php, (5) post.php, or (6) moderator.php in Open Bulletin Board (OpenBB) 1.0.6 and earlier allow remote attackers to execute arbitrary code by including the code in an image tag or a link."
CVE-2004-1842,Php,7.1.0 allows,Cross-Site Request Forgery,Remote,8.8,HIGH,2004-12-31T05:00:00.000,CWE-352,Cross-site request forgery (CSRF) vulnerability in Php-Nuke 6.x through 7.1.0 allows remote attackers to gain administrative privileges via an img tag with a URL to admin.php.,Cross-site request forgery (CSRF) vulnerability in Php-Nuke 6.x through 7.1.0 allows remote attackers to gain administrative privileges via an img tag with a URL to admin.php.
CVE-2004-1995,FuseTalk,2.0 allows,Cross-Site Request Forgery,Remote,6.5,MEDIUM,2004-12-31T05:00:00.000,CWE-352,Cross-Site Request Forgery (CSRF) vulnerability in FuseTalk 2.0 allows remote attackers to create arbitrary accounts via a link to adduser.cfm.,Cross-Site Request Forgery (CSRF) vulnerability in FuseTalk 2.0 allows remote attackers to create arbitrary accounts via a link to adduser.cfm.
CVE-2004-2364,PHPX,"3.0 through, 3.2.6 allows",Cross-Site Request Forgery,Remote,5.0,MEDIUM,2004-12-31T05:00:00.000,Unknown,"Cross-site request forgery (CSRF) vulnerability in PHPX 3.0 through 3.2.6 allows remote attackers to execute arbitrary commands via URLs that are automatically executed on behalf of the administrator, as demonstrated using (1) admin/page.php, (2) admin/news.php, (3) admin/user.php, (4) admin/images.php, (5) admin/page.php, or (6) admin/forums.php.","Cross-site request forgery (CSRF) vulnerability in PHPX 3.0 through 3.2.6 allows remote attackers to execute arbitrary commands via URLs that are automatically executed on behalf of the administrator, as demonstrated using (1) admin/page.php, (2) admin/news.php, (3) admin/user.php, (4) admin/images.php, (5) admin/page.php, or (6) admin/forums.php."
CVE-2004-2403,YaBB,1.3.2 allows,Cross-Site Request Forgery,Remote,10.0,CRITICAL,2004-12-31T05:00:00.000,Unknown,"Cross-site request forgery (CSRF) vulnerability in YaBB 1 GOLD SP 1.3.2 allows remote attackers to perform unauthorized actions as the administrative user via a link or IMG tag to YaBB.pl that specifies the desired action, id, and moda parameters.","Cross-site request forgery (CSRF) vulnerability in YaBB 1 GOLD SP 1.3.2 allows remote attackers to perform unauthorized actions as the administrative user via a link or IMG tag to YaBB.pl that specifies the desired action, id, and moda parameters."
CVE-2005-0535,MediaWiki,"1.3.x, 1.3.11 and, 1.4 beta, 1.4 rc1",Cross-Site Request Forgery,Remote,7.5,HIGH,2005-02-22T05:00:00.000,Unknown,Cross-site request forgery (CSRF) vulnerability in MediaWiki 1.3.x before 1.3.11 and 1.4 beta before 1.4 rc1 allows remote attackers to perform unauthorized actions as authenticated MediaWiki users.,Cross-site request forgery (CSRF) vulnerability in MediaWiki 1.3.x before 1.3.11 and 1.4 beta before 1.4 rc1 allows remote attackers to perform unauthorized actions as authenticated MediaWiki users.
CVE-2005-1674,Help Center Live,,Cross-Site Request Forgery,Remote,6.5,MEDIUM,2005-05-19T04:00:00.000,"CWE-352, CWE-352",Cross-Site Request Forgery (CSRF) vulnerability in Help Center Live allows remote attackers to perform actions as the administrator via a link or IMG tag to view.php.,Cross-Site Request Forgery (CSRF) vulnerability in Help Center Live allows remote attackers to perform actions as the administrator via a link or IMG tag to view.php.
CVE-2005-1947,Invision Gallery,1.3.1 allows,Cross-Site Request Forgery,Remote,4.3,MEDIUM,2005-06-09T04:00:00.000,CWE-352,Cross-site request forgery (CSRF) vulnerability in Invision Gallery before 1.3.1 allows remote attackers to delete albums and images as another user via a link or IMG tag to the (1) albums or (2) delimg actions.,Cross-site request forgery (CSRF) vulnerability in Invision Gallery before 1.3.1 allows remote attackers to delete albums and images as another user via a link or IMG tag to the (1) albums or (2) delimg actions.
CVE-1999-0244,,,Buffer Overflow,Remote,7.5,HIGH,1997-12-01T05:00:00.000,Unknown,Livingston RADIUS code has a buffer overflow which can allow remote execution of commands as root.,Livingston RADIUS code has a buffer overflow which can allow remote execution of commands as root.
CVE-1999-0440,The,,,Remote,7.5,HIGH,1999-03-01T05:00:00.000,Unknown,The byte code verifier component of the Java Virtual Machine (JVM) allows remote execution through malicious web pages.,The byte code verifier component of the Java Virtual Machine (JVM) allows remote execution through malicious web pages.
CVE-2001-1283,,7.04 and,Buffer Overflow,Remote,7.5,HIGH,2001-10-12T04:00:00.000,Unknown,"The webmail interface for Ipswitch IMail 7.04 and earlier allows remote authenticated users to cause a denial of service (crash) via a mailbox name that contains a large number of . (dot) or other characters to programs such as (1) readmail.cgi or (2) printmail.cgi, possibly due to a buffer overflow that may allow execution of arbitrary code.","The webmail interface for Ipswitch IMail 7.04 and earlier allows remote authenticated users to cause a denial of service (crash) via a mailbox name that contains a large number of . (dot) or other characters to programs such as (1) readmail.cgi or (2) printmail.cgi, possibly due to a buffer overflow that may allow execution of arbitrary code."
CVE-2001-0727,Internet Explorer,6.0 allows,Remote Code Execution,Remote,7.5,HIGH,2001-12-14T05:00:00.000,Unknown,"Internet Explorer 6.0 allows remote attackers to execute arbitrary code by modifying the Content-Disposition and Content-Type header fields in a way that causes Internet Explorer to believe that the file is safe to open without prompting the user, aka the ""File Execution Vulnerability.""","Internet Explorer 6.0 allows remote attackers to execute arbitrary code by modifying the Content-Disposition and Content-Type header fields in a way that causes Internet Explorer to believe that the file is safe to open without prompting the user, aka the ""File Execution Vulnerability."""
CVE-2002-0618,Microsoft Excel,,,Remote,7.5,HIGH,2002-08-12T04:00:00.000,Unknown,"The Macro Security Model in Microsoft Excel 2000 and 2002 for Windows allows remote attackers to execute code in the Local Computer zone by embedding HTML scripts within an Excel workbook that contains an XSL stylesheet, aka ""Excel XSL Stylesheet Script Execution"".","The Macro Security Model in Microsoft Excel 2000 and 2002 for Windows allows remote attackers to execute code in the Local Computer zone by embedding HTML scripts within an Excel workbook that contains an XSL stylesheet, aka ""Excel XSL Stylesheet Script Execution""."
CVE-2002-0694,Microsoft Windows,"4.0, 4.0 Terminal",Remote Code Execution,Remote,7.5,HIGH,2002-10-10T04:00:00.000,Unknown,"The HTML Help facility in Microsoft Windows 98, 98 Second Edition, Millennium Edition, NT 4.0, NT 4.0 Terminal Server Edition, Windows 2000, and Windows XP uses the Local Computer Security Zone when opening .chm files from the Temporary Internet Files folder, which allows remote attackers to execute arbitrary code via HTML mail that references or inserts a malicious .chm file containing shortcuts that can be executed, aka ""Code Execution via Compiled HTML Help File.""","The HTML Help facility in Microsoft Windows 98, 98 Second Edition, Millennium Edition, NT 4.0, NT 4.0 Terminal Server Edition, Windows 2000, and Windows XP uses the Local Computer Security Zone when opening .chm files from the Temporary Internet Files folder, which allows remote attackers to execute arbitrary code via HTML mail that references or inserts a malicious .chm file containing shortcuts that can be executed, aka ""Code Execution via Compiled HTML Help File."""
CVE-2002-1870,,"0.0.4 through, 0.1.0 does",Denial of Service,Remote,7.5,HIGH,2002-12-31T05:00:00.000,Unknown,"Simple Web Server (SWS) 0.0.4 through 0.1.0 does not properly handle when the recv function call fails, which may allow remote attackers to overwrite program data or perform actions on an uninitialized heap, leading to a denial of service and possibly code execution.","Simple Web Server (SWS) 0.0.4 through 0.1.0 does not properly handle when the recv function call fails, which may allow remote attackers to overwrite program data or perform actions on an uninitialized heap, leading to a denial of service and possibly code execution."
CVE-2003-1094,,7.0 SP3,,Remote,7.2,HIGH,2003-12-31T05:00:00.000,Unknown,"BEA WebLogic Server and Express version 7.0 SP3 may follow certain code execution paths that result in an incorrect current user, such as in the frequent use of JNDI initial contexts, which could allow remote authenticated users to gain privileges.","BEA WebLogic Server and Express version 7.0 SP3 may follow certain code execution paths that result in an incorrect current user, such as in the frequent use of JNDI initial contexts, which could allow remote authenticated users to gain privileges."
CVE-2004-0594,PHP,"4.3.7, 5.0.0RC3",Remote Code Execution,Remote,5.1,MEDIUM,2004-07-27T04:00:00.000,CWE-367,"The memory_limit functionality in PHP 4.x up to 4.3.7, and 5.x up to 5.0.0RC3, under certain conditions such as when register_globals is enabled, allows remote attackers to execute arbitrary code by triggering a memory_limit abort during execution of the zend_hash_init function and overwriting a HashTable destructor pointer before the initialization of key data structures is complete.","The memory_limit functionality in PHP 4.x up to 4.3.7, and 5.x up to 5.0.0RC3, under certain conditions such as when register_globals is enabled, allows remote attackers to execute arbitrary code by triggering a memory_limit abort during execution of the zend_hash_init function and overwriting a HashTable destructor pointer before the initialization of key data structures is complete."
CVE-2004-2560,PHP,,Remote Code Execution,Remote,7.5,HIGH,2004-12-31T05:00:00.000,Unknown,"DokuWiki before 2004-10-19, when used on a web server that permits execution based on file extension, allows remote attackers to execute arbitrary code by uploading a file with an appropriate extension such as "".php"" or "".cgi"".","DokuWiki before 2004-10-19, when used on a web server that permits execution based on file extension, allows remote attackers to execute arbitrary code by uploading a file with an appropriate extension such as "".php"" or "".cgi""."
CVE-1999-0168,,,,Local,7.5,HIGH,1992-06-04T04:00:00.000,Unknown,"The portmapper may act as a proxy and redirect service requests from an attacker, making the request appear to come from the local host, possibly bypassing authentication that would otherwise have taken place.  For example, NFS file systems could be mounted through the portmapper despite export restrictions.","The portmapper may act as a proxy and redirect service requests from an attacker, making the request appear to come from the local host, possibly bypassing authentication that would otherwise have taken place. For example, NFS file systems could be mounted through the portmapper despite export restrictions."
CVE-1999-1311,HP,"10.20 and, 10.10 allows",Authentication Bypass,Local,4.6,MEDIUM,1997-01-07T05:00:00.000,Unknown,Vulnerability in dtlogin and dtsession in HP-UX 10.20 and 10.10 allows local users to bypass authentication and gain privileges.,Vulnerability in dtlogin and dtsession in HP-UX 10.20 and 10.10 allows local users to bypass authentication and gain privileges.
CVE-1999-1481,Squid,2.2.STABLE5,,Unknown,5.0,MEDIUM,1999-12-31T05:00:00.000,Unknown,"Squid 2.2.STABLE5 and below, when using external authentication, allows attackers to bypass access controls via a newline in the user/password pair.","Squid 2.2.STABLE5 and below, when using external authentication, allows attackers to bypass access controls via a newline in the user/password pair."
CVE-1999-1591,Microsoft,"4.0 SP4, 6.0.",Authentication Bypass,Remote,7.5,HIGH,1999-12-31T05:00:00.000,Unknown,"Microsoft Internet Information Services (IIS) server 4.0 SP4, without certain hotfixes released for SP4, does not require authentication credentials under certain conditions, which allows remote attackers to bypass authentication requirements, as demonstrated by connecting via Microsoft Visual InterDev 6.0.","Microsoft Internet Information Services (IIS) server 4.0 SP4, without certain hotfixes released for SP4, does not require authentication credentials under certain conditions, which allows remote attackers to bypass authentication requirements, as demonstrated by connecting via Microsoft Visual InterDev 6.0."
CVE-2000-0120,Allaire Spectra,1.0 allows,Authentication Bypass,Remote,7.5,HIGH,2000-01-01T05:00:00.000,Unknown,The Remote Access Service invoke.cfm template in Allaire Spectra 1.0 allows users to bypass authentication via the bAuthenticated parameter.,The Remote Access Service invoke.cfm template in Allaire Spectra 1.0 allows users to bypass authentication via the bAuthenticated parameter.
CVE-2000-0148,MySQL,3.22 allows,,Remote,7.5,HIGH,2000-02-08T05:00:00.000,Unknown,MySQL 3.22 allows remote attackers to bypass password authentication and access a database via a short check string.,MySQL 3.22 allows remote attackers to bypass password authentication and access a database via a short check string.
CVE-2000-0233,Linux,,,Remote,10.0,CRITICAL,2000-03-15T05:00:00.000,Unknown,SuSE Linux IMAP server allows remote attackers to bypass IMAP authentication and gain privileges.,SuSE Linux IMAP server allows remote attackers to bypass IMAP authentication and gain privileges.
CVE-2000-0350,NetworkICE ICEcap,2.0.23 and,,Remote,5.0,MEDIUM,2000-05-17T04:00:00.000,Unknown,"A debugging feature in NetworkICE ICEcap 2.0.23 and earlier is enabled, which allows a remote attacker to bypass the weak authentication and post unencrypted events.","A debugging feature in NetworkICE ICEcap 2.0.23 and earlier is enabled, which allows a remote attacker to bypass the weak authentication and post unencrypted events."
CVE-2000-0610,,2.6g,Authentication Bypass,Remote,5.0,MEDIUM,2000-06-23T04:00:00.000,Unknown,NetWin dMailWeb and cwMail 2.6g and earlier allows remote attackers to bypass authentication and use the server for mail relay via a username that contains a carriage return.,NetWin dMailWeb and cwMail 2.6g and earlier allows remote attackers to bypass authentication and use the server for mail relay via a username that contains a carriage return.
CVE-2000-0611,,,Denial of Service,Unknown,5.0,MEDIUM,2000-06-23T04:00:00.000,Unknown,"The default configuration of NetWin dMailWeb and cwMail trusts all POP servers, which allows attackers to bypass normal authentication and cause a denial of service.","The default configuration of NetWin dMailWeb and cwMail trusts all POP servers, which allows attackers to bypass normal authentication and cause a denial of service."
CVE-1999-1177,,1.2 allows,Path Traversal,Remote,5.0,MEDIUM,1999-12-31T05:00:00.000,Unknown,Directory traversal vulnerability in nph-publish before 1.2 allows remote attackers to overwrite arbitrary files via a .. (dot dot) in the pathname for an upload operation.,Directory traversal vulnerability in nph-publish before 1.2 allows remote attackers to overwrite arbitrary files via a .. (dot dot) in the pathname for an upload operation.
CVE-2001-0205,AOLserver,3.2 and,Path Traversal,Remote,5.0,MEDIUM,2001-05-03T04:00:00.000,Unknown,"Directory traversal vulnerability in AOLserver 3.2 and earlier allows remote attackers to read arbitrary files by inserting ""..."" into the requested pathname, a modified .. (dot dot) attack.","Directory traversal vulnerability in AOLserver 3.2 and earlier allows remote attackers to read arbitrary files by inserting ""..."" into the requested pathname, a modified .. (dot dot) attack."
CVE-2001-0206,Soft Lite ServerWorx,3.00 allows,Path Traversal,Remote,5.0,MEDIUM,2001-06-02T04:00:00.000,Unknown,Directory traversal vulnerability in Soft Lite ServerWorx 3.00 allows remote attackers to read arbitrary files by inserting a .. (dot dot) or ... into the requested pathname of an HTTP GET request.,Directory traversal vulnerability in Soft Lite ServerWorx 3.00 allows remote attackers to read arbitrary files by inserting a .. (dot dot) or ... into the requested pathname of an HTTP GET request.
CVE-2002-0244,AtheOS,0.3.7 allows,Path Traversal,Unknown,7.5,HIGH,2002-05-29T04:00:00.000,Unknown,Directory traversal vulnerability in chroot function in AtheOS 0.3.7 allows attackers to escape the jail via a .. (dot dot) in the pathname argument to chdir.,Directory traversal vulnerability in chroot function in AtheOS 0.3.7 allows attackers to escape the jail via a .. (dot dot) in the pathname argument to chdir.
CVE-2002-1525,Starter Kit,2.0 allows,Path Traversal,Remote,5.0,MEDIUM,2003-04-02T05:00:00.000,Unknown,"Directory traversal vulnerability in ASTAware SearchDisk engine for Sun ONE Starter Kit 2.0 allows remote attackers to read arbitrary files via a .. (dot dot) attack on port (1) 6015 or (2) 6016, or (3) an absolute pathname to port 6017.","Directory traversal vulnerability in ASTAware SearchDisk engine for Sun ONE Starter Kit 2.0 allows remote attackers to read arbitrary files via a .. (dot dot) attack on port (1) 6015 or (2) 6016, or (3) an absolute pathname to port 6017."
CVE-2003-1345,Plus,5.00 allows,Path Traversal,Remote,5.0,MEDIUM,2003-12-31T05:00:00.000,CWE-22,Directory traversal vulnerability in s.dll in WebCollection Plus 5.00 allows remote attackers to view arbitrary files in c:\ via a full pathname in the d parameter.,Directory traversal vulnerability in s.dll in WebCollection Plus 5.00 allows remote attackers to view arbitrary files in c:\ via a full pathname in the d parameter.
CVE-2003-1463,Alt,"2.0.0 through, 2.0.2 allows",Path Traversal,Remote,3.5,LOW,2003-12-31T05:00:00.000,CWE-20,"Absolute path traversal vulnerability in Alt-N Technologies WebAdmin 2.0.0 through 2.0.2 allows remote attackers with administrator privileges to (1) determine the installation path by reading the contents of the Name parameter in a link, and (2) read arbitrary files via an absolute path in the Name parameter.","Absolute path traversal vulnerability in Alt-N Technologies WebAdmin 2.0.0 through 2.0.2 allows remote attackers with administrator privileges to (1) determine the installation path by reading the contents of the Name parameter in a link, and (2) read arbitrary files via an absolute path in the Name parameter."
CVE-2003-1545,Nuke,6.5,Path Traversal,Remote,5.0,MEDIUM,2003-12-31T05:00:00.000,CWE-22,"Absolute path traversal vulnerability in nukestyles.com viewpage.php addon for PHP-Nuke allows remote attackers to read arbitrary files via a full pathname in the file parameter.  NOTE: This was originally reported as an issue in PHP-Nuke 6.5, but this is an independent addon.","Absolute path traversal vulnerability in nukestyles.com viewpage.php addon for PHP-Nuke allows remote attackers to read arbitrary files via a full pathname in the file parameter. NOTE: This was originally reported as an issue in PHP-Nuke 6.5, but this is an independent addon."
CVE-2004-2047,EasyWeb FileManager,1.0 RC,Path Traversal,Remote,5.0,MEDIUM,2004-07-23T04:00:00.000,Unknown,Directory traversal vulnerability in EasyWeb FileManager 1.0 RC-1 for PostNuke allows remote attackers to retrieve arbitrary files via a .. (dot dot) in the pathext parameter.,Directory traversal vulnerability in EasyWeb FileManager 1.0 RC-1 for PostNuke allows remote attackers to retrieve arbitrary files via a .. (dot dot) in the pathext parameter.
CVE-2004-0235,LHA,1.14 allow,Path Traversal,Remote,6.4,MEDIUM,2004-08-18T04:00:00.000,Unknown,"Multiple directory traversal vulnerabilities in LHA 1.14 allow remote attackers or local users to create arbitrary files via an LHA archive containing filenames with (1) .. sequences or (2) absolute pathnames with double leading slashes (""//absolute/path"").","Multiple directory traversal vulnerabilities in LHA 1.14 allow remote attackers or local users to create arbitrary files via an LHA archive containing filenames with (1) .. sequences or (2) absolute pathnames with double leading slashes (""//absolute/path"")."
CVE-2002-0645,Microsoft,,SQL Injection,Unknown,7.5,HIGH,2002-08-12T04:00:00.000,Unknown,SQL injection vulnerability in stored procedures for Microsoft SQL Server 2000 and Microsoft Desktop Engine (MSDE) 2000 may allow authenticated users to execute arbitrary commands.,SQL injection vulnerability in stored procedures for Microsoft SQL Server 2000 and Microsoft Desktop Engine (MSDE) 2000 may allow authenticated users to execute arbitrary commands.
CVE-2002-0719,Microsoft,,SQL Injection,Remote,7.5,HIGH,2002-08-12T04:00:00.000,Unknown,SQL injection vulnerability in the function that services for Microsoft Content Management Server (MCMS) 2001 allows remote attackers to execute arbitrary commands via an MCMS resource request for image files or other files.,SQL injection vulnerability in the function that services for Microsoft Content Management Server (MCMS) 2001 allows remote attackers to execute arbitrary commands via an MCMS resource request for image files or other files.
CVE-2002-0985,PHP,4.2.2 may,,Unknown,7.5,HIGH,2002-09-24T04:00:00.000,CWE-88,"Argument injection vulnerability in the mail function for PHP 4.x to 4.2.2 may allow attackers to bypass safe mode restrictions and modify command line arguments to the MTA (e.g. sendmail) in the 5th argument to mail(), altering MTA behavior and possibly executing commands.","Argument injection vulnerability in the mail function for PHP 4.x to 4.2.2 may allow attackers to bypass safe mode restrictions and modify command line arguments to the MTA (e.g. sendmail) in the 5th argument to mail(), altering MTA behavior and possibly executing commands."
CVE-2002-1760,PHProjekt,"2.0 through, 3.1 allow",SQL Injection,Remote,7.5,HIGH,2002-12-31T05:00:00.000,Unknown,Multiple SQL injection vulnerabilities in PHProjekt 2.0 through 3.1 allow remote attackers to execute arbitrary SQL commands via the unknown attack vectors.,Multiple SQL injection vulnerabilities in PHProjekt 2.0 through 3.1 allow remote attackers to execute arbitrary SQL commands via the unknown attack vectors.
CVE-2002-1879,LokwaBB,1.2.2 allows,SQL Injection,Remote,7.5,HIGH,2002-12-31T05:00:00.000,Unknown,SQL injection vulnerability in LokwaBB 1.2.2 allows remote attackers to execute arbitrary SQL commands via the (1) member parameter to member.php or (2) loser parameter to misc.php.,SQL injection vulnerability in LokwaBB 1.2.2 allows remote attackers to execute arbitrary SQL commands via the (1) member parameter to member.php or (2) loser parameter to misc.php.
CVE-2002-1919,VP,4.0 allows,SQL Injection,Remote,7.5,HIGH,2002-12-31T05:00:00.000,Unknown,SQL injection vulnerability in shopadmin.asp in VP-ASP 4.0 allows remote attackers to execute arbitrary SQL commands and bypass authentication via the (1) username or (2) password fields.,SQL injection vulnerability in shopadmin.asp in VP-ASP 4.0 allows remote attackers to execute arbitrary SQL commands and bypass authentication via the (1) username or (2) password fields.
CVE-2002-2035,RealityScape MyLogin,1.0.0 and,SQL Injection,Remote,7.5,HIGH,2002-12-31T05:00:00.000,Unknown,SQL injection vulnerability in RealityScape MyLogin 2000 1.0.0 and earlier allows remote attackers to execute arbitrary SQL commands via the (1) Username or (2) Password in the login form.,SQL injection vulnerability in RealityScape MyLogin 2000 1.0.0 and earlier allows remote attackers to execute arbitrary SQL commands via the (1) Username or (2) Password in the login form.
CVE-2005-1306,Acrobat,"7.0 and, 7.0.1 allows",XML External Entity,Remote,7.5,HIGH,2005-06-15T04:00:00.000,CWE-611,"The Adobe Reader control in Adobe Reader and Acrobat 7.0 and 7.0.1 allows remote attackers to determine the existence of files via Javascript containing XML script, aka the ""XML External Entity vulnerability.""","The Adobe Reader control in Adobe Reader and Acrobat 7.0 and 7.0.1 allows remote attackers to determine the existence of files via Javascript containing XML script, aka the ""XML External Entity vulnerability."""
CVE-2008-0628,Sun Java Runtime Environment JDK,,Remote Code Execution,Remote,7.8,HIGH,2008-02-06T21:00:00.000,CWE-264,"The XML parsing code in Sun Java Runtime Environment JDK and JRE 6 Update 3 and earlier processes external entity references even when the ""external general entities"" property is false, which allows remote attackers to conduct XML external entity (XXE) attacks and cause a denial of service or access restricted resources.","The XML parsing code in Sun Java Runtime Environment JDK and JRE 6 Update 3 and earlier processes external entity references even when the ""external general entities"" property is false, which allows remote attackers to conduct XML external entity (XXE) attacks and cause a denial of service or access restricted resources."
CVE-2009-1699,WebKit,"4.0, 1.0 through, 2.2.1, 1.1 through, 2.2.1 does",XML External Entity,Remote,7.5,HIGH,2009-06-10T18:00:00.517,CWE-611,"The XSL stylesheet implementation in WebKit in Apple Safari before 4.0, iPhone OS 1.0 through 2.2.1, and iPhone OS for iPod touch 1.1 through 2.2.1 does not properly handle XML external entities, which allows remote attackers to read arbitrary files via a crafted DTD, as demonstrated by a file:///etc/passwd URL in an entity declaration, related to an ""XXE attack.""","The XSL stylesheet implementation in WebKit in Apple Safari before 4.0, iPhone OS 1.0 through 2.2.1, and iPhone OS for iPod touch 1.1 through 2.2.1 does not properly handle XML external entities, which allows remote attackers to read arbitrary files via a crafted DTD, as demonstrated by a file:///etc/passwd URL in an entity declaration, related to an ""XXE attack."""
CVE-2009-3960,Data Services,"3.2 and, 8.0.1, 8.2.1, 9.0, 2.5.1, 2.6.1, 3.0, 2.0.1, 7.0.2, 8.0",Information Disclosure,Remote,6.5,MEDIUM,2010-02-15T18:30:00.407,Unknown,"Unspecified vulnerability in BlazeDS 3.2 and earlier, as used in LiveCycle 8.0.1, 8.2.1, and 9.0, LiveCycle Data Services 2.5.1, 2.6.1, and 3.0, Flex Data Services 2.0.1, and ColdFusion 7.0.2, 8.0, 8.0.1, and 9.0, allows remote attackers to obtain sensitive information via vectors that are associated with a request, and related to injected tags and external entity references in XML documents.","Unspecified vulnerability in BlazeDS 3.2 and earlier, as used in LiveCycle 8.0.1, 8.2.1, and 9.0, LiveCycle Data Services 2.5.1, 2.6.1, and 3.0, Flex Data Services 2.0.1, and ColdFusion 7.0.2, 8.0, 8.0.1, and 9.0, allows remote attackers to obtain sensitive information via vectors that are associated with a request, and related to injected tags and external entity references in XML documents."
CVE-2010-3322,Splunk,"4.0.0 through, 4.1.4 allows",XML External Entity,Remote,8.8,HIGH,2010-09-14T17:00:02.400,CWE-611,The XML parser in Splunk 4.0.0 through 4.1.4 allows remote authenticated users to obtain sensitive information and gain privileges via an XML External Entity (XXE) attack to unknown vectors.,The XML parser in Splunk 4.0.0 through 4.1.4 allows remote authenticated users to obtain sensitive information and gain privileges via an XML External Entity (XXE) attack to unknown vectors.
CVE-2011-1502,Apache,6.0.6 GA,XML External Entity,Remote,4.0,MEDIUM,2011-05-07T19:55:00.947,CWE-200,"Liferay Portal Community Edition (CE) 6.x before 6.0.6 GA, when Apache Tomcat is used, allows remote authenticated users to read arbitrary files via an entity declaration in conjunction with an entity reference, related to an XML External Entity (aka XXE) issue.","Liferay Portal Community Edition (CE) 6.x before 6.0.6 GA, when Apache Tomcat is used, allows remote authenticated users to read arbitrary files via an entity declaration in conjunction with an entity reference, related to an XML External Entity (aka XXE) issue."
CVE-2011-2206,DJabberd,0.85 allows,XML External Entity,Remote,5.5,MEDIUM,2011-06-22T22:55:04.230,CWE-399,"XMLParser.pm in DJabberd before 0.85 allows remote authenticated users to read arbitrary files, and possibly send HTTP requests to intranet servers or cause a denial of service (CPU and memory consumption), via an XML external entity declaration in conjunction with an entity reference, a different vulnerability than CVE-2011-1757.","XMLParser.pm in DJabberd before 0.85 allows remote authenticated users to read arbitrary files, and possibly send HTTP requests to intranet servers or cause a denial of service (CPU and memory consumption), via an XML external entity declaration in conjunction with an entity reference, a different vulnerability than CVE-2011-1757."
CVE-2011-0212,Apple Mac OS,10.6.8 allows,XML External Entity,Remote,6.4,MEDIUM,2011-06-24T20:55:02.590,CWE-399,"servermgrd in Apple Mac OS X before 10.6.8 allows remote attackers to read arbitrary files, and possibly send HTTP requests to intranet servers or cause a denial of service (CPU and memory consumption), via an XML-RPC request containing an entity declaration in conjunction with an entity reference, related to an XML External Entity (aka XXE) issue.","servermgrd in Apple Mac OS X before 10.6.8 allows remote attackers to read arbitrary files, and possibly send HTTP requests to intranet servers or cause a denial of service (CPU and memory consumption), via an XML-RPC request containing an entity declaration in conjunction with an entity reference, related to an XML External Entity (aka XXE) issue."
CVE-2011-3579,IceWarp WebMail,10.3.3 allows,XML External Entity,Remote,6.4,MEDIUM,2011-09-30T17:55:01.180,CWE-399,"server/webmail.php in IceWarp WebMail in IceWarp Mail Server before 10.3.3 allows remote attackers to read arbitrary files, and possibly send HTTP requests to intranet servers or cause a denial of service (CPU and memory consumption), via an XML external entity declaration in conjunction with an entity reference.","server/webmail.php in IceWarp WebMail in IceWarp Mail Server before 10.3.3 allows remote attackers to read arbitrary files, and possibly send HTTP requests to intranet servers or cause a denial of service (CPU and memory consumption), via an XML external entity declaration in conjunction with an entity reference."
CVE-2011-4107,PHP,"3.4.x, 3.4.7.1 and, 3.3.x, 3.3.10.5 allows",XML External Entity,Remote,6.5,MEDIUM,2011-11-17T19:55:01.517,CWE-611,"The simplexml_load_string function in the XML import plug-in (libraries/import/xml.php) in phpMyAdmin 3.4.x before 3.4.7.1 and 3.3.x before 3.3.10.5 allows remote authenticated users to read arbitrary files via XML data containing external entity references, aka an XML external entity (XXE) injection attack.","The simplexml_load_string function in the XML import plug-in (libraries/import/xml.php) in phpMyAdmin 3.4.x before 3.4.7.1 and 3.3.x before 3.3.10.5 allows remote authenticated users to read arbitrary files via XML data containing external entity references, aka an XML external entity (XXE) injection attack."
CVE-2018-0147,Java,5.8 patch,Command Injection,Remote,9.8,CRITICAL,2018-03-08T07:29:00.377,"CWE-20, CWE-502","A vulnerability in Java deserialization used by Cisco Secure Access Control System (ACS) prior to release 5.8 patch 9 could allow an unauthenticated, remote attacker to execute arbitrary commands on an affected device. The vulnerability is due to insecure deserialization of user-supplied content by the affected software. An attacker could exploit this vulnerability by sending a crafted serialized Java object. An exploit could allow the attacker to execute arbitrary commands on the device with root privileges. Cisco Bug IDs: CSCvh25988.","A vulnerability in Java deserialization used by Cisco Secure Access Control System (ACS) prior to release 5.8 patch 9 could allow an unauthenticated, remote attacker to execute arbitrary commands on an affected device. The vulnerability is due to insecure deserialization of user-supplied content by the affected software. An attacker could exploit this vulnerability by sending a crafted serialized Java object. An exploit could allow the attacker to execute arbitrary commands on the device with root privileges. Cisco Bug IDs: CSCvh25988."
CVE-2018-1000167,Remote Code Execution,"1.0.0a1, 1.0.0b1",Remote Code Execution,Remote,9.3,CRITICAL,2018-04-18T19:29:00.833,CWE-502,"OISF suricata-update version 1.0.0a1 contains an Insecure Deserialization vulnerability in the insecure yaml.load-Function as used in the following files: config.py:136, config.py:142, sources.py:99 and sources.py:131. The ""list-sources""-command is affected by this bug. that can result in Remote Code Execution(even as root if suricata-update is called by root). This attack appears to be exploitable via a specially crafted yaml-file at https://www.openinfosecfoundation.org/rules/index.yaml. This vulnerability appears to have been fixed in 1.0.0b1.","OISF suricata-update version 1.0.0a1 contains an Insecure Deserialization vulnerability in the insecure yaml.load-Function as used in the following files: config.py:136, config.py:142, sources.py:99 and sources.py:131. The ""list-sources""-command is affected by this bug. that can result in Remote Code Execution(even as root if suricata-update is called by root). This attack appears to be exploitable via a specially crafted yaml-file at URL This vulnerability appears to have been fixed in 1.0.0b1."
CVE-2018-3784,,0.0.6 allows,Insecure Deserialization,Unknown,9.8,CRITICAL,2018-08-17T13:29:00.407,"CWE-94, CWE-94, CWE-502",A code injection in cryo 0.0.6 allows an attacker to arbitrarily execute code due to insecure implementation of deserialization.,A code injection in cryo 0.0.6 allows an attacker to arbitrarily execute code due to insecure implementation of deserialization.
CVE-2018-15691,Release Automation,6.5 and,Remote Code Execution,Unknown,7.5,HIGH,2018-08-30T14:29:01.737,CWE-502,"Insecure deserialization of a specially crafted serialized object, in CA Release Automation 6.5 and earlier, allows attackers to potentially execute arbitrary code.","Insecure deserialization of a specially crafted serialized object, in CA Release Automation 6.5 and earlier, allows attackers to potentially execute arbitrary code."
CVE-2018-15381,Cisco Unity Express,,Command Injection,Remote,10.0,CRITICAL,2018-11-08T16:29:00.277,"CWE-502, CWE-502","A Java deserialization vulnerability in Cisco Unity Express (CUE) could allow an unauthenticated, remote attacker to execute arbitrary shell commands with the privileges of the root user. The vulnerability is due to insecure deserialization of user-supplied content by the affected software. An attacker could exploit this vulnerability by sending a malicious serialized Java object to the listening Java Remote Method Invocation (RMI) service. A successful exploit could allow the attacker to execute arbitrary commands on the device with root privileges.","A Java deserialization vulnerability in Cisco Unity Express (CUE) could allow an unauthenticated, remote attacker to execute arbitrary shell commands with the privileges of the root user. The vulnerability is due to insecure deserialization of user-supplied content by the affected software. An attacker could exploit this vulnerability by sending a malicious serialized Java object to the listening Java Remote Method Invocation (RMI) service. A successful exploit could allow the attacker to execute arbitrary commands on the device with root privileges."
CVE-2018-19276,,2.24.0 is,Command Injection,Unknown,9.8,CRITICAL,2019-03-21T16:00:30.390,CWE-502,OpenMRS before 2.24.0 is affected by an Insecure Object Deserialization vulnerability that allows an unauthenticated user to execute arbitrary commands on the targeted system via crafted XML data in a request body.,OpenMRS before 2.24.0 is affected by an Insecure Object Deserialization vulnerability that allows an unauthenticated user to execute arbitrary commands on the targeted system via crafted XML data in a request body.
CVE-2019-12240,PHP,0.4 for,Insecure Deserialization,Unknown,7.5,HIGH,2019-05-20T20:29:00.783,CWE-502,"The Virim plugin 0.4 for WordPress allows Insecure Deserialization via s_values, t_values, or c_values in graph.php.","The Virim plugin 0.4 for WordPress allows Insecure Deserialization via s_values, t_values, or c_values in graph.php."
CVE-2019-12241,PHP,1.4.5 for,Remote Code Execution,Unknown,7.5,HIGH,2019-05-20T20:29:00.847,CWE-502,The Carts Guru plugin 1.4.5 for WordPress allows Insecure Deserialization via a cartsguru-source cookie to classes/wc-cartsguru-event-handler.php.,The Carts Guru plugin 1.4.5 for WordPress allows Insecure Deserialization via a cartsguru-source cookie to classes/wc-cartsguru-event-handler.php.
CVE-2019-6980,Synacor Zimbra Collaboration Suite,"8.7.x, 8.8.11 allows",Insecure Deserialization,Unknown,7.5,HIGH,2019-05-29T22:29:01.413,CWE-502,Synacor Zimbra Collaboration Suite 8.7.x through 8.8.11 allows insecure object deserialization in the IMAP component.,Synacor Zimbra Collaboration Suite 8.7.x through 8.8.11 allows insecure object deserialization in the IMAP component.
CVE-2019-11030,Common,"7.6.1 and, 8.3.2 mishandles",Insecure Deserialization,Unknown,10.0,CRITICAL,2019-08-22T15:15:12.233,"CWE-502, CWE-798","Mirasys VMS before V7.6.1 and 8.x before V8.3.2 mishandles the Mirasys.Common.Utils.Security.DataCrypt method in Common.dll in AuditTrailService in SMServer.exe. This method triggers insecure deserialization within the .NET garbage collector, in which a gadget (contained in a serialized object) may be executed with SYSTEM privileges. The attacker must properly encrypt the object; however, the hardcoded keys are available.","Mirasys VMS before V7.6.1 and 8.x before V8.3.2 mishandles the Mirasys.Common.Utils.Security.DataCrypt method in Common.dll in AuditTrailService in SMServer.exe. This method triggers insecure deserialization within the .NET garbage collector, in which a gadget (contained in a serialized object) may be executed with SYSTEM privileges. The attacker must properly encrypt the object; however, the hardcoded keys are available."
CVE-2013-0235,WordPress,3.5.1 allows,Remote Code Execution,Remote,6.4,MEDIUM,2013-07-08T20:55:00.883,Unknown,"The XMLRPC API in WordPress before 3.5.1 allows remote attackers to send HTTP requests to intranet servers, and conduct port-scanning attacks, by specifying a crafted source URL for a pingback, related to a Server-Side Request Forgery (SSRF) issue.","The XMLRPC API in WordPress before 3.5.1 allows remote attackers to send HTTP requests to intranet servers, and conduct port-scanning attacks, by specifying a crafted source URL for a pingback, related to a Server-Side Request Forgery (SSRF) issue."
CVE-2013-2199,WordPress,3.5.2 allows,Server-Side Request Forgery,Remote,4.3,MEDIUM,2013-07-08T20:55:01.023,CWE-264,"The HTTP API in WordPress before 3.5.2 allows remote attackers to send HTTP requests to intranet servers via unspecified vectors, related to a Server-Side Request Forgery (SSRF) issue, a similar vulnerability to CVE-2013-0235.","The HTTP API in WordPress before 3.5.2 allows remote attackers to send HTTP requests to intranet servers via unspecified vectors, related to a Server-Side Request Forgery (SSRF) issue, a similar vulnerability to CVE-2013-0235."
CVE-2014-5297,X2Engine,"2.8 through, 4.1.7 allows",Server-Side Request Forgery,Remote,7.5,HIGH,2014-10-10T01:55:11.087,CWE-94,The actionSendErrorReport method in protected/controllers/SiteController.php in X2Engine 2.8 through 4.1.7 allows remote attackers to conduct PHP object injection and Server-Side Request Forgery (SSRF) attacks via crafted serialized data in the report parameter.,The actionSendErrorReport method in protected/controllers/SiteController.php in X2Engine 2.8 through 4.1.7 allows remote attackers to conduct PHP object injection and Server-Side Request Forgery (SSRF) attacks via crafted serialized data in the report parameter.
CVE-2014-9038,WordPress,"3.7.5, 3.8.x, 3.8.5, 3.9.x, 3.9.3, 4.0.1 allows, 127.0.0.0",Remote Code Execution,Remote,6.4,MEDIUM,2014-11-25T23:59:09.287,CWE-20,"wp-includes/http.php in WordPress before 3.7.5, 3.8.x before 3.8.5, 3.9.x before 3.9.3, and 4.x before 4.0.1 allows remote attackers to conduct server-side request forgery (SSRF) attacks by referring to a 127.0.0.0/8 resource.","wp-includes/http.php in WordPress before 3.7.5, 3.8.x before 3.8.5, 3.9.x before 3.9.3, and 4.x before 4.0.1 allows remote attackers to conduct server-side request forgery (SSRF) attacks by referring to a 127.0.0.0/8 resource."
CVE-2014-2233,Infoware MapSuite,"1.0.36 and, 1.1.x, 1.1.49 allows",Server-Side Request Forgery,Remote,5.0,MEDIUM,2014-12-01T15:59:03.250,Unknown,Server-side request forgery (SSRF) vulnerability in the MapAPI in Infoware MapSuite before 1.0.36 and 1.1.x before 1.1.49 allows remote attackers to trigger requests to intranet servers via unspecified vectors.,Server-side request forgery (SSRF) vulnerability in the MapAPI in Infoware MapSuite before 1.0.36 and 1.1.x before 1.1.49 allows remote attackers to trigger requests to intranet servers via unspecified vectors.
CVE-2014-5237,Open,"7.4.2, 7.6.x, 7.6.0",Server-Side Request Forgery,Remote,4.3,MEDIUM,2014-12-01T15:59:04.297,Unknown,"Server-side request forgery (SSRF) vulnerability in the documentconverter component in Open-Xchange (OX) AppSuite before 7.4.2-rev10 and 7.6.x before 7.6.0-rev10 allows remote attackers to trigger requests to arbitrary servers and embed arbitrary images via a URL in an embedded image in a Text document, which is not properly handled by the image preview.","Server-side request forgery (SSRF) vulnerability in the documentconverter component in Open-Xchange (OX) AppSuite before 7.4.2-rev10 and 7.6.x before 7.6.0-rev10 allows remote attackers to trigger requests to arbitrary servers and embed arbitrary images via a URL in an embedded image in a Text document, which is not properly handled by the image preview."
CVE-2014-8749,PHP,51.1 for,Server-Side Request Forgery,Remote,5.0,MEDIUM,2014-12-01T15:59:07.877,Unknown,Server-side request forgery (SSRF) vulnerability in admin/htaccess/bpsunlock.php in the BulletProof Security plugin before .51.1 for WordPress allows remote attackers to trigger outbound requests that authenticate to arbitrary databases via the dbhost parameter.,Server-side request forgery (SSRF) vulnerability in admin/htaccess/bpsunlock.php in the BulletProof Security plugin before .51.1 for WordPress allows remote attackers to trigger outbound requests that authenticate to arbitrary databases via the dbhost parameter.
CVE-2014-9292,PHP,1.2 and,Server-Side Request Forgery,Remote,5.8,MEDIUM,2014-12-05T22:59:00.067,Unknown,Server-side request forgery (SSRF) vulnerability in proxy.php in the jRSS Widget plugin 1.2 and earlier for WordPress allows remote attackers to trigger outbound requests and enumerate open ports via the url parameter.,Server-side request forgery (SSRF) vulnerability in proxy.php in the jRSS Widget plugin 1.2 and earlier for WordPress allows remote attackers to trigger outbound requests and enumerate open ports via the url parameter.
CVE-2014-9301,Alfresco Community Edition,5.0.a,Server-Side Request Forgery,Remote,6.4,MEDIUM,2014-12-07T21:59:02.570,Unknown,"Server-side request forgery (SSRF) vulnerability in the proxy servlet in Alfresco Community Edition before 5.0.a allows remote attackers to trigger outbound requests to intranet servers, conduct port scans, and read arbitrary files via a crafted URI in the endpoint parameter.","Server-side request forgery (SSRF) vulnerability in the proxy servlet in Alfresco Community Edition before 5.0.a allows remote attackers to trigger outbound requests to intranet servers, conduct port scans, and read arbitrary files via a crafted URI in the endpoint parameter."
CVE-2014-9302,Alfresco Community Edition,5.0.a,Server-Side Request Forgery,Remote,5.0,MEDIUM,2014-12-07T21:59:03.727,Unknown,Server-side request forgery (SSRF) vulnerability in the cmisbrowser servlet in Content Management Interoperability Service (CMIS) in Alfresco Community Edition 5.0.a and earlier allows remote attackers to trigger outbound requests via a crafted URI in the url parameter.,Server-side request forgery (SSRF) vulnerability in the cmisbrowser servlet in Content Management Interoperability Service (CMIS) in Alfresco Community Edition 5.0.a and earlier allows remote attackers to trigger outbound requests via a crafted URI in the url parameter.
