cve_id,description,cvss_score,severity,published_date,cwe_ids
CVE-2000-1233,SQL injection vulnerability in read.php3 and other scripts in Phorum 3.0.7 allows remote attackers to execute arbitrary SQL queries via the sSQL parameter.,7.5,HIGH,2000-12-31T05:00:00.000,
CVE-2000-1236,SQL injection vulnerability in mod_sql in Oracle Internet Application Server (IAS) 3.0.7 and earlier allows remote attackers to execute arbitrary SQL commands via the query string of the URL.,7.5,HIGH,2000-12-31T05:00:00.000,
CVE-2001-1348,TWIG 2.6.2 and earlier allows remote attackers to perform unauthorized database operations via a SQL injection attack on the id parameter.,7.5,HIGH,2001-05-28T04:00:00.000,
CVE-2001-1472,SQL injection vulnerability in prefs.php in phpBB 1.4.0 and 1.4.1 allows remote authenticated users to execute arbitrary SQL commands and gain administrative access via the viewemail parameter.,4.6,MEDIUM,2001-08-03T04:00:00.000,
CVE-2001-1379,"The PostgreSQL authentication modules (1) mod_auth_pgsql 0.9.5, and (2) mod_auth_pgsql_sys 0.9.4, allow remote attackers to bypass authentication and execute arbitrary SQL via a SQL injection attack on the user name.",7.5,HIGH,2001-08-29T04:00:00.000,
CVE-2001-1402,"Bugzilla before 2.14 does not properly escape untrusted parameters, which could allow remote attackers to conduct unauthorized activities via cross-site scripting (CSS) and possibly SQL injection attacks on (1) the product or output form variables for reports.cgi, (2) the voteon, bug_id, and user variables for showvotes.cgi, (3) an invalid email address in createaccount.cgi, (4) an invalid ID in showdependencytree.cgi, (5) invalid usernames and other fields in process_bug.cgi, and (6) error messages in buglist.cgi.",7.5,HIGH,2001-09-10T04:00:00.000,
CVE-2001-1460,SQL injection vulnerability in article.php in PostNuke 0.62 through 0.64 allows remote attackers to bypass authentication via the user parameter.,7.5,HIGH,2001-10-13T04:00:00.000,
CVE-2001-1224,get_input in adrotate.pm for Les VanBrunt AdRotate Pro 2.0 allows remote attackers to modify the database and possibly execute arbitrary commands via a SQL code injection attack.,7.5,HIGH,2001-12-23T05:00:00.000,
CVE-2001-1482,SQL injection vulnerability in bb_memberlist.php for phpBB 1.4.2 allows remote attackers to execute arbitrary SQL queries via the $sortby variable.,7.5,HIGH,2001-12-31T05:00:00.000,
CVE-2002-0216,"userinfo.php in XOOPS 1.0 RC1 allows remote attackers to obtain sensitive information via a SQL injection attack in the ""uid"" parameter.",5.0,MEDIUM,2002-05-16T04:00:00.000,
CVE-2002-0287,"pforum 1.14 and earlier does not explicitly enable PHP magic quotes, which allows remote attackers to bypass authentication and gain administrator privileges via an SQL injection attack when the PHP server is not configured to use magic quotes by default.",10.0,CRITICAL,2002-05-31T04:00:00.000,
CVE-2002-0308,admin.asp in AdMentor 2.11 allows remote attackers to bypass authentication and gain privileges via a SQL injection attack on the Login and Password arguments.,10.0,CRITICAL,2002-05-31T04:00:00.000,
CVE-2002-0607,"members.asp in Snitz Forums 2000 version 3.3.03 and earlier allows remote attackers to execute arbitrary code via a SQL injection attack on the parameters (1) M_NAME, (2) UserName, (3) FirstName, (4) LastName, or (5) INITIAL.",7.5,HIGH,2002-06-18T04:00:00.000,
CVE-2002-0187,"Cross-site scripting vulnerability in the SQLXML component of Microsoft SQL Server 2000 allows an attacker to execute arbitrary script via the root parameter as part of an XML SQL query, aka ""Script Injection via XML Tag.""",7.5,HIGH,2002-07-03T04:00:00.000,
CVE-2002-0536,"PHPGroupware 0.9.12 and earlier, when running with the magic_quotes_gpc feature disabled, allows remote attackers to compromise the database via a SQL injection attack.",7.5,HIGH,2002-07-03T04:00:00.000,
CVE-2002-0539,Demarc PureSecure 1.05 allows remote attackers to gain administrative privileges via a SQL injection attack in a session ID that is stored in the s_key cookie.,10.0,CRITICAL,2002-07-03T04:00:00.000,
CVE-2002-0554,webdriver in IBM Informix Web DataBlade 4.12 allows remote attackers to bypass user access levels or read arbitrary files via a SQL injection attack in an HTTP request.,7.5,HIGH,2002-07-03T04:00:00.000,
CVE-2002-0645,SQL injection vulnerability in stored procedures for Microsoft SQL Server 2000 and Microsoft Desktop Engine (MSDE) 2000 may allow authenticated users to execute arbitrary commands.,7.5,HIGH,2002-08-12T04:00:00.000,
CVE-2002-0719,SQL injection vulnerability in the function that services for Microsoft Content Management Server (MCMS) 2001 allows remote attackers to execute arbitrary commands via an MCMS resource request for image files or other files.,7.5,HIGH,2002-08-12T04:00:00.000,
CVE-2002-0802,"The multibyte support in PostgreSQL 6.5.x with SQL_ASCII encoding consumes an extra character when processing a character that cannot be converted, which could remove an escape character from the query and make the application subject to SQL injection attacks.",7.5,HIGH,2002-08-12T04:00:00.000,
CVE-2002-0811,"Bugzilla 2.14 before 2.14.2, and 2.16 before 2.16rc2, may allow remote attackers to cause a denial of service or execute certain queries via a SQL injection attack on the sort order parameter to buglist.cgi.",7.5,HIGH,2002-08-12T04:00:00.000,
CVE-2002-0878,"SQL injection vulnerability in the login form for LogiSense software including (1) Hawk-i Billing, (2) Hawk-i ASP and (3) DNS Manager allows remote attackers to bypass authentication via SQL code in the password field.",7.5,HIGH,2002-10-04T04:00:00.000,
CVE-2002-0932,"SQL injection vulnerability in index.php for MyHelpDesk 20020509, and possibly other versions, allows remote attackers to conduct unauthorized activities via SQL code in the ""id"" parameter for the operations (1) detailticket, (2) editticket, or (3) updateticketlog.",6.4,MEDIUM,2002-10-04T04:00:00.000,
CVE-2002-0951,"SQL injection vulnerability in Ruslan <Body>Builder allows remote attackers to gain administrative privileges via a ""'--"" sequence in the username and password.",10.0,CRITICAL,2002-10-04T04:00:00.000,
CVE-2002-0961,"Vulnerabilities in Voxel Dot Net CBMS 0.7 and earlier allow remote attackers to conduct unauthorized operations as other users, e.g. by deleting clients via dltclnt.php, possibly in a SQL injection attack.",7.5,HIGH,2002-10-04T04:00:00.000,
CVE-1999-1357,"Netscape Communicator 4.04 through 4.7 (and possibly other versions) in various UNIX operating systems converts the 0x8b character to a ""<"" sign, and the 0x9b character to a "">"" sign, which could allow remote attackers to attack other clients via cross-site scripting (CSS) in CGI programs that do not filter these characters.",7.5,HIGH,1999-10-05T04:00:00.000,
CVE-1999-1167,Cross-site scripting vulnerability in Third Voice Web annotation utility allows remote users to read sensitive data and generate fake web pages for other Third Voice users by injecting malicious Javascript into an annotation.,6.4,MEDIUM,1999-12-31T05:00:00.000,
CVE-2000-0746,"Vulnerabilities in IIS 4.0 and 5.0 do not properly protect against cross-site scripting (CSS) attacks.  They allow a malicious web site operator to embed scripts in a link to a trusted site, which are returned without quoting in an error message back to the client.  The client then executes those scripts in the same context as the trusted site, aka the ""IIS Cross-Site Scripting"" vulnerabilities.",7.5,HIGH,2000-10-20T04:00:00.000,
CVE-2000-1053,Allaire JRun 2.3.3 server allows remote attackers to compile and execute JSP code by inserting it via a cross-site scripting (CSS) attack and directly calling the com.livesoftware.jrun.plugins.JSP JSP servlet.,10.0,CRITICAL,2000-12-11T05:00:00.000,
CVE-2000-1104,"Variant of the ""IIS Cross-Site Scripting"" vulnerability as originally discussed in MS:MS00-060 (CVE-2000-0746) allows a malicious web site operator to embed scripts in a link to a trusted site, which are returned without quoting in an error message back to the client.  The client then executes those scripts in the same context as the trusted site.",7.5,HIGH,2001-01-09T05:00:00.000,
CVE-2001-1416,"Multiple cross-site scripting (XSS) vulnerabilities in the log messages in certain Alpha versions of AOL Instant Messenger (AIM) 4.4 allow remote attackers to execute arbitrary web script or HTML via an image in the (1) DATA, (2) STYLE, or (3) BINARY tags.",5.1,MEDIUM,2001-01-18T05:00:00.000,
CVE-2001-1084,"Cross-site scripting vulnerability in Allaire JRun 3.0 and 2.3.3 allows a malicious webmaster to embed Javascript in a request for a .JSP, .shtml, .jsp10, .jrun, or .thtml file that does not exist, which causes the Javascript to be inserted into an error message.",7.5,HIGH,2001-07-02T04:00:00.000,
CVE-2001-1161,"Cross-site scripting (CSS) vulnerability in Lotus Domino 5.0.6 allows remote attackers to execute script on other web clients via a URL that ends in Javascript, which generates an error message that does not quote the resulting script.",7.5,HIGH,2001-07-02T04:00:00.000,
CVE-2001-1441,"Cross-site scripting (XSS) vulnerability in VisualAge for Java 3.5 Professional allows remote attackers to execute JavaScript on other clients via the URL, which injects the script in the resulting error message.",6.8,MEDIUM,2001-07-02T04:00:00.000,
CVE-2001-1257,Cross-site scripting vulnerability in Horde Internet Messaging Program (IMP) before 2.2.6 and 1.2.6 allows remote attackers to execute arbitrary Javascript embedded in an email.,7.5,HIGH,2001-07-21T04:00:00.000,
CVE-2001-0987,Cross-site scripting vulnerability in CGIWrap before 3.7 allows remote attackers to execute arbitrary Javascript on other web clients by causing the Javascript to be inserted into error messages that are generated by CGIWrap.,7.5,HIGH,2001-07-22T04:00:00.000,
CVE-2001-0991,"Cross-site scripting vulnerability in Proxomitron Naoko-4 BetaFour and earlier allows remote attackers to execute arbitrary script on other clients via an incorrect URL containing the malicious script, which is printed back in an error message.",7.5,HIGH,2001-07-24T04:00:00.000,
CVE-2001-0970,Cross-site scripting vulnerability in TDForum 1.2 CGI script (tdforum12.cgi) allows remote attackers to execute arbitrary script on other clients via a forum message that contains the script.,7.5,HIGH,2001-08-31T04:00:00.000,
CVE-2001-1004,Cross-site scripting (CSS) vulnerability in gnut Gnutella client before 0.4.27 allows remote attackers to execute arbitrary script on other clients by sharing a file whose name contains the script tags.,5.0,MEDIUM,2001-08-31T04:00:00.000,
CVE-2001-0658,Cross-site scripting (CSS) vulnerability in Microsoft Internet Security and Acceleration (ISA) Server 2000 allows remote attackers to cause other clients to execute certain script or read cookies via malicious script in an invalid URL that is not properly quoted in an error message.,7.5,HIGH,2001-09-20T04:00:00.000,
CVE-2001-0897,Cross-site scripting vulnerability in Infopop Ultimate Bulletin Board (UBB) before 5.47e allows remote attackers to steal user cookies via an [IMG] tag that references an about: URL with an onerror field.,5.0,MEDIUM,2001-11-15T05:00:00.000,
CVE-2001-1350,Cross-site scripting vulnerability in namazu.cgi for Namazu 2.0.7 and earlier allows remote attackers to execute arbitrary Javascript as other web users via the lang parameter.,7.5,HIGH,2001-11-25T05:00:00.000,
CVE-2001-0948,"Cross-site scripting (CSS) vulnerability in ValiCert Enterprise Validation Authority (EVA) 3.3 through 4.2.1 allows remote attackers to execute arbitrary code or display false information by including HTML or script in the certificate's description, which is executed when the certificate is viewed.",7.5,HIGH,2001-12-04T05:00:00.000,
CVE-2001-0824,"Cross-site scripting vulnerability in IBM WebSphere 3.02 and 3.5 FP2 allows remote attackers to execute Javascript by inserting the Javascript into (1) a request for a .JSP file, or (2) a request to the webapp/examples/ directory, which inserts the Javascript into an error page.",7.5,HIGH,2001-12-06T05:00:00.000,
CVE-2001-0828,"A cross-site scripting vulnerability in Caucho Technology Resin before 1.2.4 allows a malicious webmaster to embed Javascript in a hyperlink that ends in a .jsp extension, which causes an error message that does not properly quote the Javascript.",5.1,MEDIUM,2001-12-06T05:00:00.000,
CVE-2001-0829,"A cross-site scripting vulnerability in Apache Tomcat 3.2.1 allows a malicious webmaster to embed Javascript in a request for a .JSP file, which causes the Javascript to be inserted into an error message.",5.1,MEDIUM,2001-12-06T05:00:00.000,
CVE-2001-0835,"Cross-site scripting vulnerability in Webalizer 2.01-06, and possibly other versions, allows remote attackers to inject arbitrary HTML tags by specifying them in (1) search keywords embedded in HTTP referrer information, or (2) host names that are retrieved via a reverse DNS lookup.",7.5,HIGH,2001-12-06T05:00:00.000,
CVE-2001-0857,Cross-site scripting vulnerability in status.php3 in Imp Webmail 2.2.6 and earlier allows remote attackers to gain access to the e-mail of other users by hijacking session cookies via the message parameter.,7.5,HIGH,2001-12-06T05:00:00.000,
CVE-2001-1199,"Cross-site scripting vulnerability in agora.cgi for Agora 3.0a through 4.0g, when debug mode is enabled, allows remote attackers to execute Javascript on other clients via the cart_id parameter.",7.5,HIGH,2001-12-17T05:00:00.000,
CVE-2002-1648,Cross-site request forgery (CSRF) vulnerability in compose.php in SquirrelMail before 1.2.3 allows remote attackers to send email as other users via an IMG URL with modified send_to and subject parameters.,7.5,HIGH,2002-12-31T05:00:00.000,
CVE-2002-2426,"Cross-site request forgery (CSRF) vulnerability in Citrix Presentation Server 4.0 and 4.5, MetaFrame Presentation Server 3.0, and Access Essentials 1.0 through 2.0 allows remote attackers to execute arbitrary published applications, and possibly other programs, as authenticated users via the InitialProgram key in an ICA connection. NOTE: some of these details are obtained from third party information.",4.3,MEDIUM,2002-12-31T05:00:00.000,CWE-352
CVE-2004-1967,"Cross-site request forgery (CSRF) vulnerabilities in (1) cp_forums.php, (2) cp_usergroup.php, (3) cp_ipbans.php, (4) myhome.php, (5) post.php, or (6) moderator.php in Open Bulletin Board (OpenBB) 1.0.6 and earlier allow remote attackers to execute arbitrary code by including the code in an image tag or a link.",8.8,HIGH,2004-04-25T04:00:00.000,CWE-352
CVE-2004-1842,Cross-site request forgery (CSRF) vulnerability in Php-Nuke 6.x through 7.1.0 allows remote attackers to gain administrative privileges via an img tag with a URL to admin.php.,8.8,HIGH,2004-12-31T05:00:00.000,CWE-352
CVE-2004-1995,Cross-Site Request Forgery (CSRF) vulnerability in FuseTalk 2.0 allows remote attackers to create arbitrary accounts via a link to adduser.cfm.,6.5,MEDIUM,2004-12-31T05:00:00.000,CWE-352
CVE-2004-2364,"Cross-site request forgery (CSRF) vulnerability in PHPX 3.0 through 3.2.6 allows remote attackers to execute arbitrary commands via URLs that are automatically executed on behalf of the administrator, as demonstrated using (1) admin/page.php, (2) admin/news.php, (3) admin/user.php, (4) admin/images.php, (5) admin/page.php, or (6) admin/forums.php.",5.0,MEDIUM,2004-12-31T05:00:00.000,
CVE-2004-2403,"Cross-site request forgery (CSRF) vulnerability in YaBB 1 GOLD SP 1.3.2 allows remote attackers to perform unauthorized actions as the administrative user via a link or IMG tag to YaBB.pl that specifies the desired action, id, and moda parameters.",10.0,CRITICAL,2004-12-31T05:00:00.000,
CVE-2005-0535,Cross-site request forgery (CSRF) vulnerability in MediaWiki 1.3.x before 1.3.11 and 1.4 beta before 1.4 rc1 allows remote attackers to perform unauthorized actions as authenticated MediaWiki users.,7.5,HIGH,2005-02-22T05:00:00.000,
CVE-2005-1674,Cross-Site Request Forgery (CSRF) vulnerability in Help Center Live allows remote attackers to perform actions as the administrator via a link or IMG tag to view.php.,6.5,MEDIUM,2005-05-19T04:00:00.000,"CWE-352, CWE-352"
CVE-2005-1947,Cross-site request forgery (CSRF) vulnerability in Invision Gallery before 1.3.1 allows remote attackers to delete albums and images as another user via a link or IMG tag to the (1) albums or (2) delimg actions.,4.3,MEDIUM,2005-06-09T04:00:00.000,CWE-352
CVE-2005-2059,"Multiple cross-site request forgery (CSRF) vulnerabilities in (1) addaddress.php, (2) toggleignore.php, (3) removeignore.php, and (4) removeaddress.php in Infopop UBB.Threads before 6.5.2 Beta allow remote attackers to modify settings as another user via a link or IMG tag.",6.5,MEDIUM,2005-06-29T04:00:00.000,CWE-352
CVE-2005-2411,"Cross-Site Request Forgery (CSRF) vulnerability in tDiary 2.1.1, and tDiary 2.0.1 and earlier, allows remote attackers to conduct actions as another user, and execute commands on the server, via a URL that is activated by the user.",5.1,MEDIUM,2005-08-01T04:00:00.000,
CVE-2005-3129,Cross-site request forgery (CSRF) vulnerability in Serendipity 0.8.4 and earlier allows remote attackers to perform unauthorized actions as a logged in user via a link or IMG tag to serendipity_admin.php.,5.1,MEDIUM,2005-10-04T22:02:00.000,
CVE-2005-4450,"Cross-site request forgery (CSRF) vulnerability in phpMyAdmin 2.7.0 allows remote attackers to perform unauthorized actions as a logged-in user via a link or IMG tag to server_privileges.php, as demonstrated using the dbname and checkprivs parameters.  NOTE: the provenance of this issue is unknown, although third parties imply that it is related to the disclosure of CVE-2005-4349, which was labeled as SQL injection but disputed.",7.5,HIGH,2005-12-21T11:03:00.000,
CVE-2005-3618,"Cross-site request forgery (CSRF) vulnerability in the management interface for VMware ESX Server 2.0.x before 2.0.2 patch 1, 2.1.x before 2.1.3 patch 1, and 2.x before 2.5.3 patch 2 allows allows remote attackers to perform unauthorized actions as the administrator via URLs, as demonstrated using the setUsr operation to change a password.  NOTE: this issue can be leveraged with CVE-2005-3619 to automatically perform the attacks.",7.6,HIGH,2005-12-31T05:00:00.000,
CVE-2005-4801,"Multiple cross-site request forgery (CSRF) vulnerabilities in Yet Another PHP Image Gallery (YaPIG) 0.95b and earlier allow remote attackers to perform unauthorized actions as a logged-in user, as demonstrated by tricking the administrator to access a web page that performs a mod_info action in modify_gallery.php.",7.5,HIGH,2005-12-31T05:00:00.000,
CVE-2006-0438,"Cross-site request forgery (CSRF) vulnerability in phpBB 2.0.19, when Link to off-site Avatar or bbcode (IMG) are enabled, allows remote attackers to perform unauthorized actions as a logged in user via a link or IMG tag in a user profile, as demonstrated using links to (1) admin/admin_users.php and (2) modcp.php.",5.0,MEDIUM,2006-02-06T22:02:00.000,
CVE-2006-2495,Cross-site request forgery (CSRF) vulnerability in the Entry Manager in Serendipity before 1.0-beta3 allows remote attackers to perform unauthorized actions as a logged-in user via a link or IMG tag.,7.5,HIGH,2006-05-20T03:02:00.000,
CVE-2006-3272,"Cross-site request forgery (CSRF) vulnerability in menu.php in Some Chess 1.5 rc2 allows remote attackers to conduct actions as another user, such as changing usernames and passwords, via unspecified vectors.  NOTE: the provenance of this information is unknown; the details are obtained from third party information.",5.0,MEDIUM,2006-06-28T22:05:00.000,
CVE-2006-3420,Cross-site request forgery (CSRF) vulnerability in editpost.php in MyBulletinBoard (MyBB) before 1.1.5 allows remote attackers to perform unauthorized actions as a logged in user and delete arbitrary forum posts via a bbcode IMG tag with a modified delete parameter in a deletepost action.  NOTE: the provenance of this information is unknown; the details are obtained solely from third party information.,7.5,HIGH,2006-07-07T00:05:00.000,
CVE-2006-3479,"Cross-site request forgery (CSRF) vulnerability in the del_block function in modules/Admin/block.php in Nuked-Klan 1.7.5 and earlier and 1.7 SP4.2 allows remote attackers to delete arbitrary ""blocks"" via a link with a modified bid parameter in a del_block op on the block page in index.php.",5.0,MEDIUM,2006-07-10T20:05:00.000,
CVE-2006-3671,Cross-site request forgery (CSRF) vulnerability in the communicate function in estmaster.c for Hyper Estraier before 1.3.3 allows remote attackers to perform unauthorized actions as other users via unknown vectors.,7.5,HIGH,2006-07-18T15:47:00.000,
CVE-2006-3829,Cross-site request forgery (CSRF) vulnerability in bmc/admin.php in Kailash Nadh boastMachine (formerly bMachine) 3.1 and earlier allows remote attackers to perform unauthorized actions as an administrator and delete arbitrary user accounts via a delete_user action.,5.0,MEDIUM,2006-07-25T13:22:00.000,
CVE-2006-4659,"The Panda Platinum Internet Security 2006 10.02.01 and 2007 11.00.00 uses predictable URLs for the spam classification of each message, which allows remote attackers to cause Panda to classify arbitrary messages as spam via a web page that contains IMG tags with the predictable URLs.  NOTE: this issue could also be regarded as a cross-site request forgery (CSRF) vulnerability.",5.0,MEDIUM,2006-09-09T00:04:00.000,
CVE-2006-5116,"Multiple cross-site request forgery (CSRF) vulnerabilities in phpMyAdmin before 2.9.1-rc1 allow remote attackers to perform unauthorized actions as another user by (1) directly setting a token in the URL though dynamic variable evaluation and (2) unsetting arbitrary variables via the _REQUEST array, related to (a) libraries/common.lib.php, (b) session.inc.php, and (c) url_generating.lib.php.  NOTE: the PHP unset function vector is covered by CVE-2006-3017.",5.1,MEDIUM,2006-10-03T04:03:00.000,
CVE-1999-0244,Livingston RADIUS code has a buffer overflow which can allow remote execution of commands as root.,7.5,HIGH,1997-12-01T05:00:00.000,
CVE-1999-0440,The byte code verifier component of the Java Virtual Machine (JVM) allows remote execution through malicious web pages.,7.5,HIGH,1999-03-01T05:00:00.000,
CVE-2001-1283,"The webmail interface for Ipswitch IMail 7.04 and earlier allows remote authenticated users to cause a denial of service (crash) via a mailbox name that contains a large number of . (dot) or other characters to programs such as (1) readmail.cgi or (2) printmail.cgi, possibly due to a buffer overflow that may allow execution of arbitrary code.",7.5,HIGH,2001-10-12T04:00:00.000,
CVE-2001-0727,"Internet Explorer 6.0 allows remote attackers to execute arbitrary code by modifying the Content-Disposition and Content-Type header fields in a way that causes Internet Explorer to believe that the file is safe to open without prompting the user, aka the ""File Execution Vulnerability.""",7.5,HIGH,2001-12-14T05:00:00.000,
CVE-2002-0618,"The Macro Security Model in Microsoft Excel 2000 and 2002 for Windows allows remote attackers to execute code in the Local Computer zone by embedding HTML scripts within an Excel workbook that contains an XSL stylesheet, aka ""Excel XSL Stylesheet Script Execution"".",7.5,HIGH,2002-08-12T04:00:00.000,
CVE-2002-0694,"The HTML Help facility in Microsoft Windows 98, 98 Second Edition, Millennium Edition, NT 4.0, NT 4.0 Terminal Server Edition, Windows 2000, and Windows XP uses the Local Computer Security Zone when opening .chm files from the Temporary Internet Files folder, which allows remote attackers to execute arbitrary code via HTML mail that references or inserts a malicious .chm file containing shortcuts that can be executed, aka ""Code Execution via Compiled HTML Help File.""",7.5,HIGH,2002-10-10T04:00:00.000,
CVE-2002-1870,"Simple Web Server (SWS) 0.0.4 through 0.1.0 does not properly handle when the recv function call fails, which may allow remote attackers to overwrite program data or perform actions on an uninitialized heap, leading to a denial of service and possibly code execution.",7.5,HIGH,2002-12-31T05:00:00.000,
CVE-2003-1094,"BEA WebLogic Server and Express version 7.0 SP3 may follow certain code execution paths that result in an incorrect current user, such as in the frequent use of JNDI initial contexts, which could allow remote authenticated users to gain privileges.",7.2,HIGH,2003-12-31T05:00:00.000,
CVE-2004-0594,"The memory_limit functionality in PHP 4.x up to 4.3.7, and 5.x up to 5.0.0RC3, under certain conditions such as when register_globals is enabled, allows remote attackers to execute arbitrary code by triggering a memory_limit abort during execution of the zend_hash_init function and overwriting a HashTable destructor pointer before the initialization of key data structures is complete.",5.1,MEDIUM,2004-07-27T04:00:00.000,CWE-367
CVE-2004-2560,"DokuWiki before 2004-10-19, when used on a web server that permits execution based on file extension, allows remote attackers to execute arbitrary code by uploading a file with an appropriate extension such as "".php"" or "".cgi"".",7.5,HIGH,2004-12-31T05:00:00.000,
CVE-2005-1347,"** UNVERIFIABLE **  NOTE: this issue describes a problem that can not be independently verified as of 20050421.  Adobe Acrobat reader (AcroRd32.exe) 6.0 and earlier allows remote attackers to cause a denial of service (""Invalid-ID-Handle-Error"" error) and modify memory beginning at a particular address, possibly allowing the execution of arbitrary code, via a crafted PDF file.  NOTE: the vendor has stated that the reporter refused to provide sufficient details to confirm the issue.  In addition, due to the lack of details in the original advisory, an independent verification is not possible.  Finally, the reliability of the original reporter is unknown.  This item has only been assigned a CVE identifier for tracking purposes, and to serve as a concrete example of the newly defined UNVERIFIABLE and PRERELEASE content decisions in CVE, which must be discussed by the Editorial Board. Without additional details or independent verification by reliable sources, it is highly likely that this item will be REJECTED.",2.6,LOW,2005-05-02T04:00:00.000,
CVE-2005-1476,"Firefox 1.0.3 allows remote attackers to execute arbitrary Javascript in other domains by using an IFRAME and causing the browser to navigate to a previous javascript: URL, which can lead to arbitrary code execution when combined with CVE-2005-1477.",5.1,MEDIUM,2005-05-09T04:00:00.000,
CVE-2005-1477,"The install function in Firefox 1.0.3 allows remote web sites on the browser's whitelist, such as update.mozilla.org or addon.mozilla.org, to execute arbitrary Javascript with chrome privileges, leading to arbitrary code execution on the system when combined with vulnerabilities such as CVE-2005-1476, as demonstrated using a javascript: URL as the package icon and a cross-site scripting (XSS) attack on a vulnerable whitelist site.",5.1,MEDIUM,2005-05-09T04:00:00.000,
CVE-2005-1604,"PHP Advanced Transfer Manager (phpATM) 1.21 allows remote attackers to upload arbitrary files via filenames containing multiple file extensions, as demonstrated using a filename ending in ""php.ns"", which allows execution of arbitrary PHP code.",7.5,HIGH,2005-05-16T04:00:00.000,
CVE-2005-2267,"Firefox before 1.0.5 allows remote attackers to steal information and possibly execute arbitrary code by using standalone applications such as Flash and QuickTime to open a javascript: URL, which is run in the context of the previous page, and may lead to code execution if the standalone application loads a privileged chrome: URL.",7.5,HIGH,2005-07-13T04:00:00.000,
CVE-2005-2269,"Firefox before 1.0.5, Mozilla before 1.7.9, and Netscape 8.0.2 does not properly verify the associated types of DOM node names within the context of their namespaces, which allows remote attackers to modify certain tag properties, possibly leading to execution of arbitrary script or code, as demonstrated using an XHTML document with IMG tags with custom properties (""XHTML node spoofing"").",7.5,HIGH,2005-07-13T04:00:00.000,
CVE-2005-2691,"includes/common.php in RunCMS 1.2 and earlier calls the extract function with EXTR_OVERWRITE on HTTP POST variables, which allows remote attackers to overwrite arbitrary variables, possibly allowing execution of arbitrary code.",7.5,HIGH,2005-08-24T04:00:00.000,
CVE-2005-3912,"Format string vulnerability in miniserv.pl Perl web server in Webmin before 1.250 and Usermin before 1.180, with syslog logging enabled, allows remote attackers to cause a denial of service (crash or memory consumption) and possibly execute arbitrary code via format string specifiers in the username parameter to the login form, which is ultimately used in a syslog call.  NOTE: the code execution might be associated with an issue in Perl.",7.5,HIGH,2005-11-30T11:03:00.000,
CVE-2005-4815,"SAP 6.4 before 6.40 patch 4, 6.2 before 6.20 patch 1364, 4.6 before 4.6D patch 1767, 45 before 45B patch 913, 40 before 40B patch 1008, and 31 before 31I patch 735 do not properly restrict process execution by lnaxdm/sapsys, which allows remote attackers to execute arbitrary code via a certain UDP packet that ends with the name of a local executable file, aka the ""FX SAP R/3 gwrd vuln.""",7.5,HIGH,2005-12-31T05:00:00.000,
CVE-2006-0824,"Multiple unspecified vulnerabilities in lib-common.php in Geeklog 1.4.0 before 1.4.0sr1 and 1.3.11 before 1.3.11sr4 allow remote attackers to include arbitrary local files and execute arbitrary code via (1) absolute paths in unspecified parameters and (2) the language cookie, as demonstrated for code execution using error.log.",7.5,HIGH,2006-02-21T23:02:00.000,
CVE-2006-1828,"SQL injection vulnerability in php121language.php in PHP121 1.4 allows remote attackers to execute arbitrary SQL commands and execute arbitrary code via the sess_username variable, as set by the php121un HTTP COOKIE parameter, which is used in multiple files including php121login.php.  NOTE: the code execution occurs because the SQL query results are used in an include statement.",5.1,MEDIUM,2006-04-19T16:06:00.000,
CVE-2006-1992,"mshtml.dll 6.00.2900.2873, as used in Microsoft Internet Explorer, allows remote attackers to cause a denial of service (crash) via nested OBJECT tags, which trigger invalid pointer dereferences including NULL dereferences.  NOTE: the possibility of code execution was originally theorized, but Microsoft has stated that this issue is non-exploitable.",2.6,LOW,2006-04-25T01:02:00.000,CWE-399
CVE-2006-2383,"Unspecified vulnerability in Microsoft Internet Explorer 5.01 SP4 and 6 SP1 and earlier allows remote attackers to execute arbitrary code via ""unexpected data"" related to ""parameter validation"" in the DXImageTransform.Microsoft.Light ActiveX control, which causes Internet Explorer to crash in a way that enables the code execution.",9.3,CRITICAL,2006-06-13T19:06:00.000,
CVE-2006-3281,"Microsoft Internet Explorer 6.0 does not properly handle Drag and Drop events, which allows remote user-assisted attackers to execute arbitrary code via a link to an SMB file share with a filename that contains encoded ..\ (%2e%2e%5c) sequences and whose extension contains the CLSID Key identifier for HTML Applications (HTA), aka ""Folder GUID Code Execution Vulnerability.""  NOTE: directory traversal sequences were used in the original exploit, although their role is not clear.",5.1,MEDIUM,2006-06-28T22:05:00.000,CWE-20
CVE-2006-3336,"TWiki 01-Dec-2000 up to 4.0.3 allows remote attackers to bypass the upload filter and execute arbitrary code via filenames with double extensions such as "".php.en"", "".php.1"", and other allowed extensions that are not .txt.  NOTE: this is only a vulnerability when the server allows script execution in the pub directory.",4.0,MEDIUM,2006-07-05T20:05:00.000,
CVE-1999-0168,"The portmapper may act as a proxy and redirect service requests from an attacker, making the request appear to come from the local host, possibly bypassing authentication that would otherwise have taken place.  For example, NFS file systems could be mounted through the portmapper despite export restrictions.",7.5,HIGH,1992-06-04T04:00:00.000,
CVE-1999-1311,Vulnerability in dtlogin and dtsession in HP-UX 10.20 and 10.10 allows local users to bypass authentication and gain privileges.,4.6,MEDIUM,1997-01-07T05:00:00.000,
CVE-1999-1481,"Squid 2.2.STABLE5 and below, when using external authentication, allows attackers to bypass access controls via a newline in the user/password pair.",5.0,MEDIUM,1999-12-31T05:00:00.000,
CVE-1999-1591,"Microsoft Internet Information Services (IIS) server 4.0 SP4, without certain hotfixes released for SP4, does not require authentication credentials under certain conditions, which allows remote attackers to bypass authentication requirements, as demonstrated by connecting via Microsoft Visual InterDev 6.0.",7.5,HIGH,1999-12-31T05:00:00.000,
CVE-2000-0120,The Remote Access Service invoke.cfm template in Allaire Spectra 1.0 allows users to bypass authentication via the bAuthenticated parameter.,7.5,HIGH,2000-01-01T05:00:00.000,
CVE-2000-0148,MySQL 3.22 allows remote attackers to bypass password authentication and access a database via a short check string.,7.5,HIGH,2000-02-08T05:00:00.000,
CVE-2000-0233,SuSE Linux IMAP server allows remote attackers to bypass IMAP authentication and gain privileges.,10.0,CRITICAL,2000-03-15T05:00:00.000,
CVE-2000-0350,"A debugging feature in NetworkICE ICEcap 2.0.23 and earlier is enabled, which allows a remote attacker to bypass the weak authentication and post unencrypted events.",5.0,MEDIUM,2000-05-17T04:00:00.000,
CVE-2000-0610,NetWin dMailWeb and cwMail 2.6g and earlier allows remote attackers to bypass authentication and use the server for mail relay via a username that contains a carriage return.,5.0,MEDIUM,2000-06-23T04:00:00.000,
CVE-2000-0611,"The default configuration of NetWin dMailWeb and cwMail trusts all POP servers, which allows attackers to bypass normal authentication and cause a denial of service.",5.0,MEDIUM,2000-06-23T04:00:00.000,
CVE-2000-0806,"The inter-module authentication mechanism (fwa1) in Check Point VPN-1/FireWall-1 4.1 and earlier may allow remote attackers to conduct a denial of service, aka ""Inter-module Communications Bypass.""",5.0,MEDIUM,2000-11-14T05:00:00.000,
CVE-2000-0808,"The seed generation mechanism in the inter-module S/Key authentication mechanism in Check Point VPN-1/FireWall-1 4.1 and earlier allows remote attackers to bypass authentication via a brute force attack, aka ""One-time (s/key) Password Authentication.""",7.5,HIGH,2000-11-14T05:00:00.000,
CVE-2000-0850,"Netegrity SiteMinder before 4.11 allows remote attackers to bypass its authentication mechanism by appending ""$/FILENAME.ext"" (where ext is .ccc, .class, or .jpg) to the requested URL.",7.5,HIGH,2000-11-14T05:00:00.000,
CVE-2000-1217,"Microsoft Windows 2000 before Service Pack 2 (SP2), when running in a non-Windows 2000 domain and using NTLM authentication, and when credentials of an account are locally cached, allows local users to bypass account lockout policies and make an unlimited number of login attempts, aka the ""Domain Account Lockout"" vulnerability.",4.6,MEDIUM,2000-11-21T05:00:00.000,
CVE-2000-1056,CiscoSecure ACS Server 2.4(2) and earlier allows remote attackers to bypass LDAP authentication on the server if the LDAP server allows null passwords.,7.5,HIGH,2000-12-11T05:00:00.000,
CVE-2000-1133,Authentix Authentix100 allows remote attackers to bypass authentication by inserting a . (dot) into the URL for a protected directory.,5.0,MEDIUM,2001-01-09T05:00:00.000,
CVE-2001-1422,"WinVNC 3.3.3 and earlier generates the same challenge string for multiple connections, which allows remote attackers to bypass VNC authentication by sniffing the challenge and response of other users.",7.5,HIGH,2001-01-23T05:00:00.000,
CVE-2001-0269,pam_ldap authentication module in Solaris 8 allows remote attackers to bypass authentication via a NULL password.,10.0,CRITICAL,2001-05-03T04:00:00.000,
CVE-2001-0001,cookiedecode function in PHP-Nuke 4.4 allows users to bypass authentication and gain access to other user accounts by extracting the authentication information from a cookie.,7.5,HIGH,2001-06-02T04:00:00.000,
CVE-2001-1344,"WSSecurity.pl in WebStore allows remote attackers to bypass authentication by providing the program with a filename that exists, which is made easier by (1) inserting a null character or (2) .. (dot dot).",7.5,HIGH,2001-06-12T04:00:00.000,
CVE-2001-1459,"OpenSSH 2.9 and earlier does not initiate a Pluggable Authentication Module (PAM) session if commands are executed with no pty, which allows local users to bypass resource limits (rlimits) set in pam.d.",7.5,HIGH,2001-06-19T04:00:00.000,
CVE-2001-0451,INDEXU 2.0 beta and earlier allows remote attackers to bypass authentication and gain privileges by setting the cookie_admin_authenticated cookie value to 1.,7.5,HIGH,2001-06-27T04:00:00.000,
CVE-2001-1075,"poprelayd script before 2.0 in Cobalt RaQ3 servers allows remote attackers to bypass authentication for relaying by causing a ""POP login by user"" string that includes the attacker's IP address to be injected into the maillog log file.",5.0,MEDIUM,2001-07-04T04:00:00.000,
CVE-2001-1053,AdLogin.pm in AdCycle 1.15 and earlier allows remote attackers to bypass authentication and gain privileges by injecting SQL code in the $password argument.,10.0,CRITICAL,2001-07-13T04:00:00.000,
CVE-2001-0537,"HTTP server for Cisco IOS 11.3 to 12.2 allows attackers to bypass authentication and execute arbitrary commands, when local authorization is being used, by specifying a high access level in the URL.",9.3,CRITICAL,2001-07-21T04:00:00.000,CWE-287
CVE-1999-1177,Directory traversal vulnerability in nph-publish before 1.2 allows remote attackers to overwrite arbitrary files via a .. (dot dot) in the pathname for an upload operation.,5.0,MEDIUM,1999-12-31T05:00:00.000,
CVE-2001-0205,"Directory traversal vulnerability in AOLserver 3.2 and earlier allows remote attackers to read arbitrary files by inserting ""..."" into the requested pathname, a modified .. (dot dot) attack.",5.0,MEDIUM,2001-05-03T04:00:00.000,
CVE-2001-0206,Directory traversal vulnerability in Soft Lite ServerWorx 3.00 allows remote attackers to read arbitrary files by inserting a .. (dot dot) or ... into the requested pathname of an HTTP GET request.,5.0,MEDIUM,2001-06-02T04:00:00.000,
CVE-2002-0244,Directory traversal vulnerability in chroot function in AtheOS 0.3.7 allows attackers to escape the jail via a .. (dot dot) in the pathname argument to chdir.,7.5,HIGH,2002-05-29T04:00:00.000,
CVE-2002-1525,"Directory traversal vulnerability in ASTAware SearchDisk engine for Sun ONE Starter Kit 2.0 allows remote attackers to read arbitrary files via a .. (dot dot) attack on port (1) 6015 or (2) 6016, or (3) an absolute pathname to port 6017.",5.0,MEDIUM,2003-04-02T05:00:00.000,
CVE-2003-1345,Directory traversal vulnerability in s.dll in WebCollection Plus 5.00 allows remote attackers to view arbitrary files in c:\ via a full pathname in the d parameter.,5.0,MEDIUM,2003-12-31T05:00:00.000,CWE-22
CVE-2003-1463,"Absolute path traversal vulnerability in Alt-N Technologies WebAdmin 2.0.0 through 2.0.2 allows remote attackers with administrator privileges to (1) determine the installation path by reading the contents of the Name parameter in a link, and (2) read arbitrary files via an absolute path in the Name parameter.",3.5,LOW,2003-12-31T05:00:00.000,CWE-20
CVE-2003-1545,"Absolute path traversal vulnerability in nukestyles.com viewpage.php addon for PHP-Nuke allows remote attackers to read arbitrary files via a full pathname in the file parameter.  NOTE: This was originally reported as an issue in PHP-Nuke 6.5, but this is an independent addon.",5.0,MEDIUM,2003-12-31T05:00:00.000,CWE-22
CVE-2004-2047,Directory traversal vulnerability in EasyWeb FileManager 1.0 RC-1 for PostNuke allows remote attackers to retrieve arbitrary files via a .. (dot dot) in the pathext parameter.,5.0,MEDIUM,2004-07-23T04:00:00.000,
CVE-2004-0235,"Multiple directory traversal vulnerabilities in LHA 1.14 allow remote attackers or local users to create arbitrary files via an LHA archive containing filenames with (1) .. sequences or (2) absolute pathnames with double leading slashes (""//absolute/path"").",6.4,MEDIUM,2004-08-18T04:00:00.000,
CVE-2004-0237,Directory traversal vulnerability in index.php in Aprox PHP Portal allows remote attackers to read arbitrary files via a full pathname in the show parameter.,5.0,MEDIUM,2004-11-23T05:00:00.000,
CVE-2004-1543,Directory traversal vulnerability in viewimg.php in KorWeblog 1.6.2-cvs and earlier allows remote attackers to list arbitrary directories via a .. (dot dot) in the path parameter.,5.0,MEDIUM,2004-12-31T05:00:00.000,
CVE-2004-2507,Absolute path traversal vulnerability in main.cgi in Linksys WVC11B Wireless-B Internet Video Camera allows remote attackers to read arbitrary files via an absolute pathname in the next_file parameter.,5.0,MEDIUM,2004-12-31T05:00:00.000,
CVE-2004-2565,"Multiple directory traversal vulnerabilities in Sambar Server 6.1 Beta 2 on Windows, and possibly other versions on Linux, when the administrative IP address restrictions have been modified from the default, allow remote authenticated users to read arbitrary files via (1) a ""..\"" (dot dot backslash) in the file parameter to showini.asp, or (2) an absolute path with drive letter in the log parameter to showlog.asp.",5.0,MEDIUM,2004-12-31T05:00:00.000,
CVE-2004-2594,"Absolute path traversal vulnerability in Quake II server before R1Q2 on Windows, as used in multiple products, allows remote attackers to read arbitrary files via a ""\/"" in a pathname argument, as demonstrated by ""download \/server.cfg"".",5.0,MEDIUM,2004-12-31T05:00:00.000,
CVE-2004-2595,"Absolute path traversal vulnerability in Quake II server before R1Q2 on Linux, as used in multiple products, allows remote attackers to cause a denial of service (application crash) via a download command with a full pathname for a directory in the argument, which causes the server to crash when it cannot read data.",5.0,MEDIUM,2004-12-31T05:00:00.000,
CVE-2004-2640,Directory traversal vulnerability in lstat.cgi in LinuxStat before 2.3.1 allows remote attackers to read arbitrary files via (1) .. (dot dot) sequences or (2) absolute paths to the template parameter.,5.0,MEDIUM,2004-12-31T05:00:00.000,
CVE-2005-0161,Multiple directory traversal vulnerabilities in unace 1.2b allow attackers to overwrite arbitrary files via an ACE archive containing (1) ../ sequences or (2) absolute pathnames.,2.1,LOW,2005-02-22T05:00:00.000,
CVE-2005-0801,Directory traversal vulnerability in includer.cgi in The Includer allows remote attackers to read arbitrary files via (1) a .. (dot dot) or (2) a full pathname in the URL.,5.0,MEDIUM,2005-05-02T04:00:00.000,
CVE-2005-1896,Directory traversal vulnerability in thumb.php in FlatNuke 2.5.3 allows remote attackers to read arbitrary images or obtain the installation path via the image parameter.,5.0,MEDIUM,2005-06-09T04:00:00.000,
CVE-2005-2053,"Just another flat file (JAF) CMS before 3.0 Final allows remote attackers to obtain sensitive information via (1) an * (asterisk) in the id parameter, (2) a blank id parameter, or (3) an * (asterisk) in the disp parameter to index.php, which reveals the path in an error message.  NOTE: a followup suggests that this may be a directory traversal or file inclusion vulnerability.",5.0,MEDIUM,2005-06-28T04:00:00.000,
CVE-2005-2255,"Directory traversal vulnerability in PhpAuction 2.5 allows remote attackers to read arbitrary files, include local PHP files, or obtain sensitive path information via ""..""  sequences in the lan parameter to (1) index.php or (2) admin/index.php.",6.4,MEDIUM,2005-07-13T04:00:00.000,
CVE-2005-2330,Directory traversal vulnerability in extras/update.php in osCommerce 2.2 allows remote attackers to read arbitrary files via (1) .. sequences or (2) a full pathname in the readme_file parameter.,5.0,MEDIUM,2005-07-20T04:00:00.000,
CVE-2005-2371,"Directory traversal vulnerability in Oracle Reports 6.0, 6i, 9i, and 10g allows remote attackers to overwrite arbitrary files via (1) "".."", (2) Windows drive letter (C:), and (3) absolute path sequences in the desname parameter.  NOTE: this issue was probably fixed by REP06 in CPU Jan 2006, in which case it overlaps CVE-2006-0289.",5.0,MEDIUM,2005-07-26T04:00:00.000,CWE-22
CVE-2005-2378,"Directory traversal vulnerability in Oracle Reports allows remote attackers to read arbitrary files via an absolute or relative path to the (1) CUSTOMIZE or (2) desformat parameters to rwservlet.  NOTE: vector 2 is probably the same as CVE-2006-0289, and fixed in Jan 2006 CPU.",5.0,MEDIUM,2005-07-26T04:00:00.000,CWE-22
CVE-2002-0985,"Argument injection vulnerability in the mail function for PHP 4.x to 4.2.2 may allow attackers to bypass safe mode restrictions and modify command line arguments to the MTA (e.g. sendmail) in the 5th argument to mail(), altering MTA behavior and possibly executing commands.",7.5,HIGH,2002-09-24T04:00:00.000,CWE-88
CVE-2002-1760,Multiple SQL injection vulnerabilities in PHProjekt 2.0 through 3.1 allow remote attackers to execute arbitrary SQL commands via the unknown attack vectors.,7.5,HIGH,2002-12-31T05:00:00.000,
CVE-2002-1879,SQL injection vulnerability in LokwaBB 1.2.2 allows remote attackers to execute arbitrary SQL commands via the (1) member parameter to member.php or (2) loser parameter to misc.php.,7.5,HIGH,2002-12-31T05:00:00.000,
CVE-2002-1919,SQL injection vulnerability in shopadmin.asp in VP-ASP 4.0 allows remote attackers to execute arbitrary SQL commands and bypass authentication via the (1) username or (2) password fields.,7.5,HIGH,2002-12-31T05:00:00.000,
CVE-2002-2035,SQL injection vulnerability in RealityScape MyLogin 2000 1.0.0 and earlier allows remote attackers to execute arbitrary SQL commands via the (1) Username or (2) Password in the login form.,7.5,HIGH,2002-12-31T05:00:00.000,
CVE-2002-2043,SQL injection vulnerability in the LDAP and MySQL authentication patch for Cyrus SASL 1.5.24 and 1.5.27 allows remote attackers to execute arbitrary SQL commands and log in as arbitrary POP mail users via the password.,7.5,HIGH,2002-12-31T05:00:00.000,
CVE-2002-2074,SQL injection vulnerability in Mailidx before 20020105 allows remote attackers to execute arbitrary SQL commands via the search web page.,7.5,HIGH,2002-12-31T05:00:00.000,
CVE-2002-2252,SQL injection vulnerability in auth.inc.php in Thatware 0.5.0 and earlier allows remote attackers to execute arbitrary SQL commands via a base64-encoded user parameter.,7.5,HIGH,2002-12-31T05:00:00.000,CWE-89
CVE-2002-2277,"SQL injection vulnerability in mod_search/index.php in PortailPHP 0.99 allows remote attackers to execute arbitrary SQL commands via the (1) $rech, (2) $BD_Tab_docs, (3) $BD_Tab_file, (4) $BD_Tab_liens, (5) $BD_Tab_faq, or (6) $chemin variables.",7.5,HIGH,2002-12-31T05:00:00.000,CWE-89
CVE-2002-2304,SQL injection vulnerability in admin/auth/checksession.php in MyPHPLinks 2.1.9 and 2.2.0 allows remote attackers to execute arbitrary SQL commands via the idsession parameter.,7.5,HIGH,2002-12-31T05:00:00.000,CWE-89
CVE-2002-2305,SQL injection vulnerability in agentadmin.php in Immobilier allows remote attackers to execute arbitrary SQL commands via the (1) agentname or (2) agentpassword parameter.,7.5,HIGH,2002-12-31T05:00:00.000,CWE-89
CVE-2002-2383,SQL injection vulnerability in f2html.pl 0.1 through 0.4 allows remote attackers to execute arbitrary SQL commands via file names.,7.5,HIGH,2002-12-31T05:00:00.000,CWE-89
CVE-2002-2391,SQL injection vulnerability in index.php of WebChat 1.5 included in XOOPS 1.0 allows remote attackers to execute arbitrary SQL commands via the roomid parameter.,7.5,HIGH,2002-12-31T05:00:00.000,CWE-89
CVE-2002-1405,"CRLF injection vulnerability in Lynx 2.8.4 and earlier allows remote attackers to inject false HTTP headers into an HTTP request that is provided on the command line, via a URL containing encoded carriage return, line feed, and other whitespace characters.",5.0,MEDIUM,2003-02-19T05:00:00.000,
CVE-2003-0118,SQL injection vulnerability in the Document Tracking and Administration (DTA) website of Microsoft BizTalk Server 2000 and 2002 allows remote attackers to execute operating system commands via a request to (1) rawdocdata.asp or (2) RawCustomSearchField.asp containing an embedded SQL statement.,7.5,HIGH,2003-05-12T04:00:00.000,
CVE-2003-1185,"Multiple SQL injection vulnerabilities in ThWboard before Beta 2.8.2 allow remote attackers to inject arbitrary SQL commands via various vectors including (1) Admin-Center, (2) Announcements, (3) admin/calendar.php, and (4) showevent.php.",7.5,HIGH,2003-11-03T05:00:00.000,
CVE-2003-1193,"Multiple SQL injection vulnerabilities in the Portal DB (1) List of Values (LOVs), (2) Forms, (3) Hierarchy, and (4) XML components packages in Oracle Oracle9i Application Server 9.0.2.00 through 3.0.9.8.5 allow remote attackers to execute arbitrary SQL commands via the URL.",7.5,HIGH,2003-11-03T05:00:00.000,
CVE-2003-1196,SQL injection vulnerability in viewtopic.asp in VieBoard 2.6 allows remote attackers to execute arbitrary SQL commands via the forumid parameter.,7.5,HIGH,2003-11-03T05:00:00.000,
CVE-2003-1195,SQL injection vulnerability in getmember.asp in VieBoard 2.6 Beta 1 allows remote attackers to execute arbitrary SQL commands via the msn variable.,7.5,HIGH,2003-11-23T05:00:00.000,
CVE-2003-1103,SQL injection vulnerability in loginact.asp for Hummingbird CyberDOCS before 3.9 allows remote attackers to execute arbitrary SQL commands.,7.5,HIGH,2003-12-31T05:00:00.000,
CVE-2005-1306,"The Adobe Reader control in Adobe Reader and Acrobat 7.0 and 7.0.1 allows remote attackers to determine the existence of files via Javascript containing XML script, aka the ""XML External Entity vulnerability.""",7.5,HIGH,2005-06-15T04:00:00.000,CWE-611
CVE-2008-0628,"The XML parsing code in Sun Java Runtime Environment JDK and JRE 6 Update 3 and earlier processes external entity references even when the ""external general entities"" property is false, which allows remote attackers to conduct XML external entity (XXE) attacks and cause a denial of service or access restricted resources.",7.8,HIGH,2008-02-06T21:00:00.000,CWE-264
CVE-2009-1699,"The XSL stylesheet implementation in WebKit in Apple Safari before 4.0, iPhone OS 1.0 through 2.2.1, and iPhone OS for iPod touch 1.1 through 2.2.1 does not properly handle XML external entities, which allows remote attackers to read arbitrary files via a crafted DTD, as demonstrated by a file:///etc/passwd URL in an entity declaration, related to an ""XXE attack.""",7.5,HIGH,2009-06-10T18:00:00.517,CWE-611
CVE-2009-3960,"Unspecified vulnerability in BlazeDS 3.2 and earlier, as used in LiveCycle 8.0.1, 8.2.1, and 9.0, LiveCycle Data Services 2.5.1, 2.6.1, and 3.0, Flex Data Services 2.0.1, and ColdFusion 7.0.2, 8.0, 8.0.1, and 9.0, allows remote attackers to obtain sensitive information via vectors that are associated with a request, and related to injected tags and external entity references in XML documents.",6.5,MEDIUM,2010-02-15T18:30:00.407,
CVE-2010-3322,The XML parser in Splunk 4.0.0 through 4.1.4 allows remote authenticated users to obtain sensitive information and gain privileges via an XML External Entity (XXE) attack to unknown vectors.,8.8,HIGH,2010-09-14T17:00:02.400,CWE-611
CVE-2011-1502,"Liferay Portal Community Edition (CE) 6.x before 6.0.6 GA, when Apache Tomcat is used, allows remote authenticated users to read arbitrary files via an entity declaration in conjunction with an entity reference, related to an XML External Entity (aka XXE) issue.",4.0,MEDIUM,2011-05-07T19:55:00.947,CWE-200
CVE-2011-2206,"XMLParser.pm in DJabberd before 0.85 allows remote authenticated users to read arbitrary files, and possibly send HTTP requests to intranet servers or cause a denial of service (CPU and memory consumption), via an XML external entity declaration in conjunction with an entity reference, a different vulnerability than CVE-2011-1757.",5.5,MEDIUM,2011-06-22T22:55:04.230,CWE-399
CVE-2011-0212,"servermgrd in Apple Mac OS X before 10.6.8 allows remote attackers to read arbitrary files, and possibly send HTTP requests to intranet servers or cause a denial of service (CPU and memory consumption), via an XML-RPC request containing an entity declaration in conjunction with an entity reference, related to an XML External Entity (aka XXE) issue.",6.4,MEDIUM,2011-06-24T20:55:02.590,CWE-399
CVE-2011-3579,"server/webmail.php in IceWarp WebMail in IceWarp Mail Server before 10.3.3 allows remote attackers to read arbitrary files, and possibly send HTTP requests to intranet servers or cause a denial of service (CPU and memory consumption), via an XML external entity declaration in conjunction with an entity reference.",6.4,MEDIUM,2011-09-30T17:55:01.180,CWE-399
CVE-2011-4107,"The simplexml_load_string function in the XML import plug-in (libraries/import/xml.php) in phpMyAdmin 3.4.x before 3.4.7.1 and 3.3.x before 3.3.10.5 allows remote authenticated users to read arbitrary files via XML data containing external entity references, aka an XML external entity (XXE) injection attack.",6.5,MEDIUM,2011-11-17T19:55:01.517,CWE-611
CVE-2012-0037,"Redland Raptor (aka libraptor) before 2.0.7, as used by OpenOffice 3.3 and 3.4 Beta, LibreOffice before 3.4.6 and 3.5.x before 3.5.1, and other products, allows user-assisted remote attackers to read arbitrary files via a crafted XML external entity (XXE) declaration and reference in an RDF document.",6.5,MEDIUM,2012-06-17T03:41:40.107,CWE-611
CVE-2012-3488,"The libxslt support in contrib/xml2 in PostgreSQL 8.3 before 8.3.20, 8.4 before 8.4.13, 9.0 before 9.0.9, and 9.1 before 9.1.5 does not properly restrict access to files and URLs, which allows remote authenticated users to modify data, obtain sensitive information, or trigger outbound traffic to arbitrary external hosts by leveraging (1) stylesheet commands that are permitted by the libxslt security options or (2) an xslt_process feature, related to an XML External Entity (aka XXE) issue.",4.9,MEDIUM,2012-10-03T21:55:00.753,CWE-264
CVE-2012-3489,"The xml_parse function in the libxml2 support in the core server component in PostgreSQL 8.3 before 8.3.20, 8.4 before 8.4.13, 9.0 before 9.0.9, and 9.1 before 9.1.5 allows remote authenticated users to determine the existence of arbitrary files or URLs, and possibly obtain file or URL content that triggers a parsing error, via an XML value that refers to (1) a DTD or (2) an entity, related to an XML External Entity (aka XXE) issue.",6.5,MEDIUM,2012-10-03T21:55:00.813,CWE-611
CVE-2012-4399,"The Xml class in CakePHP 2.1.x before 2.1.5 and 2.2.x before 2.2.1 allows remote attackers to read arbitrary files via XML data containing external entity references, aka an XML external entity (XXE) injection attack.",7.5,HIGH,2012-10-09T23:55:05.047,CWE-611
CVE-2011-5245,"The readFrom function in providers.jaxb.JAXBXmlTypeProvider in RESTEasy before 2.3.2 allows remote attackers to read arbitrary files via an external entity reference in a Java Architecture for XML Binding (JAXB) input, aka an XML external entity (XXE) injection attack, a similar vulnerability to CVE-2012-0818.",5.0,MEDIUM,2012-11-23T20:55:02.163,CWE-200
CVE-2012-0818,"RESTEasy before 2.3.1 allows remote attackers to read arbitrary files via an external entity reference in a DOM document, aka an XML external entity (XXE) injection attack.",5.0,MEDIUM,2012-11-23T20:55:02.320,CWE-200
CVE-2012-2239,"Mahara 1.4.x before 1.4.4 and 1.5.x before 1.5.3 allows remote attackers to read arbitrary files or create TCP connections via an XML external entity (XXE) injection attack, as demonstrated by reading config.php.",9.1,CRITICAL,2012-11-24T20:55:02.087,CWE-611
CVE-2012-5769,"IBM SPSS Modeler 14.0, 14.1, 14.2 through FP3, and 15.0 before FP2 allows remote attackers to read arbitrary files, and possibly send HTTP requests to intranet servers or cause a denial of service (CPU and memory consumption), via an XML external entity declaration in conjunction with an entity reference.",5.8,MEDIUM,2013-01-01T12:35:14.977,
CVE-2012-5656,"The rasterization process in Inkscape before 0.48.4 allows local users to read arbitrary files via an external entity in a SVG file, aka an XML external entity (XXE) injection attack.",5.5,MEDIUM,2013-01-18T11:48:40.323,CWE-611
CVE-2012-3363,"Zend_XmlRpc in Zend Framework 1.x before 1.11.12 and 1.12.x before 1.12.0 does not properly handle SimpleXMLElement classes, which allows remote attackers to read arbitrary files or create TCP connections via an external entity reference in a DOCTYPE element in an XML-RPC request, aka an XML external entity (XXE) injection attack.",9.1,CRITICAL,2013-02-13T17:55:01.320,"CWE-611, CWE-611"
CVE-2012-6531,"(1) Zend_Dom, (2) Zend_Feed, and (3) Zend_Soap in Zend Framework 1.x before 1.11.13 and 1.12.x before 1.12.0 do not properly handle SimpleXMLElement classes, which allow remote attackers to read arbitrary files or create TCP connections via an external entity reference in a DOCTYPE element in an XML-RPC request, aka an XML external entity (XXE) injection attack, a different vulnerability than CVE-2012-3363.",6.4,MEDIUM,2013-02-13T17:55:01.417,CWE-20
CVE-2013-1140,"The XML parser in Cisco Security Monitoring, Analysis, and Response System (MARS) allows remote attackers to read arbitrary files via an external entity declaration in conjunction with an entity reference, related to an XML External Entity (XXE) issue, aka Bug ID CSCue55093.",4.3,MEDIUM,2013-03-06T13:10:25.970,CWE-200
CVE-2013-1643,"The SOAP parser in PHP before 5.3.23 and 5.4.x before 5.4.13 allows remote attackers to read arbitrary files via a SOAP WSDL file containing an XML external entity declaration in conjunction with an entity reference, related to an XML External Entity (XXE) issue in the soap_xmlParseFile and soap_xmlParseMemory functions.  NOTE: this vulnerability exists because of an incorrect fix for CVE-2013-1824.",5.0,MEDIUM,2013-03-06T13:10:27.230,CWE-200
CVE-2013-1856,"The ActiveSupport::XmlMini_JDOM backend in lib/active_support/xml_mini/jdom.rb in the Active Support component in Ruby on Rails 3.0.x and 3.1.x before 3.1.12 and 3.2.x before 3.2.13, when JRuby is used, does not properly restrict the capabilities of the XML parser, which allows remote attackers to read arbitrary files or cause a denial of service (resource consumption) via vectors involving (1) an external DTD or (2) an external entity declaration in conjunction with an entity reference.",5.8,MEDIUM,2013-03-19T22:55:01.070,CWE-20
CVE-2013-1665,"The XML libraries for Python 3.4, 3.3, 3.2, 3.1, 2.7, and 2.6, as used in OpenStack Keystone Essex and Folsom, Django, and possibly other products allow remote attackers to read arbitrary files via an XML external entity declaration in conjunction with an entity reference, aka an XML External Entity (XXE) attack.",5.0,MEDIUM,2013-04-03T00:55:02.207,CWE-200
CVE-2018-0147,"A vulnerability in Java deserialization used by Cisco Secure Access Control System (ACS) prior to release 5.8 patch 9 could allow an unauthenticated, remote attacker to execute arbitrary commands on an affected device. The vulnerability is due to insecure deserialization of user-supplied content by the affected software. An attacker could exploit this vulnerability by sending a crafted serialized Java object. An exploit could allow the attacker to execute arbitrary commands on the device with root privileges. Cisco Bug IDs: CSCvh25988.",9.8,CRITICAL,2018-03-08T07:29:00.377,"CWE-20, CWE-502"
CVE-2018-1000167,"OISF suricata-update version 1.0.0a1 contains an Insecure Deserialization vulnerability in the insecure yaml.load-Function as used in the following files: config.py:136, config.py:142, sources.py:99 and sources.py:131. The ""list-sources""-command is affected by this bug. that can result in Remote Code Execution(even as root if suricata-update is called by root). This attack appears to be exploitable via a specially crafted yaml-file at https://www.openinfosecfoundation.org/rules/index.yaml. This vulnerability appears to have been fixed in 1.0.0b1.",9.3,CRITICAL,2018-04-18T19:29:00.833,CWE-502
CVE-2018-3784,A code injection in cryo 0.0.6 allows an attacker to arbitrarily execute code due to insecure implementation of deserialization.,9.8,CRITICAL,2018-08-17T13:29:00.407,"CWE-94, CWE-94, CWE-502"
CVE-2018-15691,"Insecure deserialization of a specially crafted serialized object, in CA Release Automation 6.5 and earlier, allows attackers to potentially execute arbitrary code.",7.5,HIGH,2018-08-30T14:29:01.737,CWE-502
CVE-2018-15381,"A Java deserialization vulnerability in Cisco Unity Express (CUE) could allow an unauthenticated, remote attacker to execute arbitrary shell commands with the privileges of the root user. The vulnerability is due to insecure deserialization of user-supplied content by the affected software. An attacker could exploit this vulnerability by sending a malicious serialized Java object to the listening Java Remote Method Invocation (RMI) service. A successful exploit could allow the attacker to execute arbitrary commands on the device with root privileges.",10.0,CRITICAL,2018-11-08T16:29:00.277,"CWE-502, CWE-502"
CVE-2018-19276,OpenMRS before 2.24.0 is affected by an Insecure Object Deserialization vulnerability that allows an unauthenticated user to execute arbitrary commands on the targeted system via crafted XML data in a request body.,9.8,CRITICAL,2019-03-21T16:00:30.390,CWE-502
CVE-2019-12240,"The Virim plugin 0.4 for WordPress allows Insecure Deserialization via s_values, t_values, or c_values in graph.php.",7.5,HIGH,2019-05-20T20:29:00.783,CWE-502
CVE-2019-12241,The Carts Guru plugin 1.4.5 for WordPress allows Insecure Deserialization via a cartsguru-source cookie to classes/wc-cartsguru-event-handler.php.,7.5,HIGH,2019-05-20T20:29:00.847,CWE-502
CVE-2019-6980,Synacor Zimbra Collaboration Suite 8.7.x through 8.8.11 allows insecure object deserialization in the IMAP component.,7.5,HIGH,2019-05-29T22:29:01.413,CWE-502
CVE-2019-11030,"Mirasys VMS before V7.6.1 and 8.x before V8.3.2 mishandles the Mirasys.Common.Utils.Security.DataCrypt method in Common.dll in AuditTrailService in SMServer.exe. This method triggers insecure deserialization within the .NET garbage collector, in which a gadget (contained in a serialized object) may be executed with SYSTEM privileges. The attacker must properly encrypt the object; however, the hardcoded keys are available.",10.0,CRITICAL,2019-08-22T15:15:12.233,"CWE-502, CWE-798"
CVE-2019-11666,"Insecure deserialization of untrusted data in Micro Focus Service Manager product versions 9.30, 9.31, 9.32, 9.33, 9.34, 9.35, 9.40, 9.41, 9.50, 9.51, 9.52, 9.60, 9.61, 9.62. The vulnerability could be exploited to allow insecure deserialization of untrusted data.",8.8,HIGH,2019-09-17T19:15:10.697,CWE-502
CVE-2019-16894,download.php in inoERP 4.15 allows SQL injection through insecure deserialization.,9.8,CRITICAL,2019-09-26T16:15:11.753,"CWE-89, CWE-502"
CVE-2019-12630,"A vulnerability in the Java deserialization function used by Cisco Security Manager could allow an unauthenticated, remote attacker to execute arbitrary commands on an affected device. The vulnerability is due to insecure deserialization of user-supplied content by the affected software. An attacker could exploit this vulnerability by sending a malicious serialized Java object to a specific listener on an affected system. A successful exploit could allow the attacker to execute arbitrary commands on the device with the privileges of casuser.",9.8,CRITICAL,2019-10-02T19:15:11.953,"CWE-20, CWE-502"
CVE-2019-18364,"In JetBrains TeamCity before 2019.1.4, insecure Java Deserialization could potentially allow remote code execution.",9.8,CRITICAL,2019-10-31T15:15:11.403,CWE-502
CVE-2019-18956,"Divisa Proxia Suite 9 < 9.12.16, 9.11.19, 9.10.26, 9.9.8, 9.8.43 and 9.7.10, 10.0 < 10.0.32, and 10.1 < 10.1.5, SparkSpace 1.0 < 1.0.30, 1.1 < 1.1.2, and 1.2 < 1.2.4, and Proxia PHR 1.0 < 1.0.30 and 1.1 < 1.1.2 allows remote code execution via untrusted Java deserialization. The proxia-error cookie is insecurely deserialized in every request (GET or POST). Thus, an unauthenticated attacker can easily craft a seria1.0lized payload in order to execute arbitrary code via the prepareError function in the com.divisait.dv2ee.controller.MVCControllerServlet class of the dv2eemvc.jar component. allows remote code execution via untrusted Java deserialization. The proxia-error cookie is insecurely deserialized in every request (GET or POST). Thus, an unauthenticated attacker can easily craft a serialized payload in order to execute arbitrary code via the prepareError function in the com.divisait.dv2ee.controller.MVCControllerServlet class of the dv2eemvc.jar component. Affected products include Proxia Premium Edition 2017 and Sparkspace.",9.8,CRITICAL,2019-12-17T16:15:14.653,CWE-502
CVE-2019-19849,"An issue was discovered in TYPO3 before 8.7.30, 9.x before 9.5.12, and 10.x before 10.2.2. It has been discovered that the classes QueryGenerator and QueryView are vulnerable to insecure deserialization. One exploitable scenario requires having the system extension ext:lowlevel (Backend Module: DB Check) installed, with a valid backend user who has administrator privileges. The other exploitable scenario requires having the system extension ext:sys_action installed, with a valid backend user who has limited privileges.",8.8,HIGH,2019-12-17T17:15:17.960,CWE-502
CVE-2020-11066,"In TYPO3 CMS greater than or equal to 9.0.0 and less than 9.5.17 and greater than or equal to 10.0.0 and less than 10.4.2, calling unserialize() on malicious user-submitted content can lead to modification of dynamically-determined object attributes and result in triggering deletion of an arbitrary directory in the file system, if it is writable for the web server. It can also trigger message submission via email using the identity of the web site (mail relay). Another insecure deserialization vulnerability is required to actually exploit mentioned aspects. This has been fixed in 9.5.17 and 10.4.2.",8.7,HIGH,2020-05-14T00:15:11.310,"CWE-915, CWE-1321"
CVE-2020-11067,"In TYPO3 CMS 9.0.0 through 9.5.16 and 10.0.0 through 10.4.1, it has been discovered that backend user settings (in $BE_USER->uc) are vulnerable to insecure deserialization. In combination with vulnerabilities of third party components, this can lead to remote code execution. A valid backend user account is needed to exploit this vulnerability. This has been fixed in 9.5.17 and 10.4.2.",8.8,HIGH,2020-05-14T00:15:11.400,"CWE-502, CWE-502"
CVE-2020-3280,"A vulnerability in the Java Remote Management Interface of Cisco Unified Contact Center Express (Unified CCX) could allow an unauthenticated, remote attacker to execute arbitrary code on an affected device. The vulnerability is due to insecure deserialization of user-supplied content by the affected software. An attacker could exploit this vulnerability by sending a malicious serialized Java object to a specific listener on an affected system. A successful exploit could allow the attacker to execute arbitrary code as the root user on an affected device.",9.8,CRITICAL,2020-05-22T06:15:10.430,"CWE-20, CWE-502"
CVE-2020-14172,"This issue exists to document that a security improvement in the way that Jira Server and Data Center use velocity templates has been implemented. The way in which velocity templates were used in Atlassian Jira Server and Data Center in affected versions allowed remote attackers to achieve remote code execution via insecure deserialization, if they were able to exploit a server side template injection vulnerability. The affected versions are before version 7.13.0, from version 8.0.0 before 8.5.0, and from version 8.6.0 before version 8.8.1.",9.8,CRITICAL,2020-07-03T02:15:10.580,CWE-502
CVE-2020-15842,"Liferay Portal before 7.3.0, and Liferay DXP 7.0 before fix pack 90, 7.1 before fix pack 17, and 7.2 before fix pack 5, allows man-in-the-middle attackers to execute arbitrary code via crafted serialized payloads, because of insecure deserialization.",8.1,HIGH,2020-07-20T02:15:11.660,CWE-502
CVE-2020-15098,"In TYPO3 CMS greater than or equal to 9.0.0 and less than 9.5.20, and greater than or equal to 10.0.0 and less than 10.4.6, it has been discovered that an internal verification mechanism can be used to generate arbitrary checksums. This allows to inject arbitrary data having a valid cryptographic message authentication code (HMAC-SHA1) and can lead to various attack chains including potential privilege escalation, insecure deserialization & remote code execution. The overall severity of this vulnerability is high based on mentioned attack chains and the requirement of having a valid backend user session (authenticated). This has been patched in versions 9.5.20 and 10.4.6.",8.8,HIGH,2020-07-29T17:15:13.387,"CWE-20, CWE-200, CWE-325, CWE-502, CWE-327"
CVE-2020-24034,"Sagemcom F@ST 5280 routers using firmware version 1.150.61 have insecure deserialization that allows any authenticated user to perform a privilege escalation to any other user. By making a request with valid sess_id, nonce, and ha1 values inside of the serialized session cookie, an attacker may alter the user value inside of this cookie, and assume the role and permissions of the user specified. By assuming the role of the user internal, which is inaccessible to end users by default, the attacker gains the permissions of the internal account, which includes the ability to flash custom firmware to the router, allowing the attacker to achieve a complete compromise.",8.8,HIGH,2020-09-01T18:15:13.587,CWE-502
CVE-2020-4280,"IBM QRadar SIEM 7.3 and 7.4 could allow a remote attacker to execute arbitrary commands on the system, caused by insecure deserialization of user-supplied content by the Java deserialization function. By sending a malicious serialized Java object, an attacker could exploit this vulnerability to execute arbitrary commands on the system. IBM X-Force ID: 176140.",8.8,HIGH,2020-10-08T14:15:12.657,CWE-502
CVE-2020-27131,"Multiple vulnerabilities in the Java deserialization function that is used by Cisco Security Manager could allow an unauthenticated, remote attacker to execute arbitrary commands on an affected device. These vulnerabilities are due to insecure deserialization of user-supplied content by the affected software. An attacker could exploit these vulnerabilities by sending a malicious serialized Java object to a specific listener on an affected system. A successful exploit could allow the attacker to execute arbitrary commands on the device with the privileges of NT AUTHORITY\SYSTEM on the Windows target host. Cisco has not released software updates that address these vulnerabilities.",8.1,HIGH,2020-11-17T04:15:12.133,"CWE-20, CWE-502"
CVE-2013-0235,"The XMLRPC API in WordPress before 3.5.1 allows remote attackers to send HTTP requests to intranet servers, and conduct port-scanning attacks, by specifying a crafted source URL for a pingback, related to a Server-Side Request Forgery (SSRF) issue.",6.4,MEDIUM,2013-07-08T20:55:00.883,
CVE-2013-2199,"The HTTP API in WordPress before 3.5.2 allows remote attackers to send HTTP requests to intranet servers via unspecified vectors, related to a Server-Side Request Forgery (SSRF) issue, a similar vulnerability to CVE-2013-0235.",4.3,MEDIUM,2013-07-08T20:55:01.023,CWE-264
CVE-2014-5297,The actionSendErrorReport method in protected/controllers/SiteController.php in X2Engine 2.8 through 4.1.7 allows remote attackers to conduct PHP object injection and Server-Side Request Forgery (SSRF) attacks via crafted serialized data in the report parameter.,7.5,HIGH,2014-10-10T01:55:11.087,CWE-94
CVE-2014-9038,"wp-includes/http.php in WordPress before 3.7.5, 3.8.x before 3.8.5, 3.9.x before 3.9.3, and 4.x before 4.0.1 allows remote attackers to conduct server-side request forgery (SSRF) attacks by referring to a 127.0.0.0/8 resource.",6.4,MEDIUM,2014-11-25T23:59:09.287,CWE-20
CVE-2014-2233,Server-side request forgery (SSRF) vulnerability in the MapAPI in Infoware MapSuite before 1.0.36 and 1.1.x before 1.1.49 allows remote attackers to trigger requests to intranet servers via unspecified vectors.,5.0,MEDIUM,2014-12-01T15:59:03.250,
CVE-2014-5237,"Server-side request forgery (SSRF) vulnerability in the documentconverter component in Open-Xchange (OX) AppSuite before 7.4.2-rev10 and 7.6.x before 7.6.0-rev10 allows remote attackers to trigger requests to arbitrary servers and embed arbitrary images via a URL in an embedded image in a Text document, which is not properly handled by the image preview.",4.3,MEDIUM,2014-12-01T15:59:04.297,
CVE-2014-8749,Server-side request forgery (SSRF) vulnerability in admin/htaccess/bpsunlock.php in the BulletProof Security plugin before .51.1 for WordPress allows remote attackers to trigger outbound requests that authenticate to arbitrary databases via the dbhost parameter.,5.0,MEDIUM,2014-12-01T15:59:07.877,
CVE-2014-9292,Server-side request forgery (SSRF) vulnerability in proxy.php in the jRSS Widget plugin 1.2 and earlier for WordPress allows remote attackers to trigger outbound requests and enumerate open ports via the url parameter.,5.8,MEDIUM,2014-12-05T22:59:00.067,
CVE-2014-9301,"Server-side request forgery (SSRF) vulnerability in the proxy servlet in Alfresco Community Edition before 5.0.a allows remote attackers to trigger outbound requests to intranet servers, conduct port scans, and read arbitrary files via a crafted URI in the endpoint parameter.",6.4,MEDIUM,2014-12-07T21:59:02.570,
CVE-2014-9302,Server-side request forgery (SSRF) vulnerability in the cmisbrowser servlet in Content Management Interoperability Service (CMIS) in Alfresco Community Edition 5.0.a and earlier allows remote attackers to trigger outbound requests via a crafted URI in the url parameter.,5.0,MEDIUM,2014-12-07T21:59:03.727,
CVE-2013-6919,"The default configuration of phpThumb before 1.7.12 has a false value for the disable_debug option, which allows remote attackers to conduct Server-Side Request Forgery (SSRF) attacks via the src parameter.",4.3,MEDIUM,2014-12-27T18:59:07.070,
CVE-2015-1764,"The web applications in Microsoft Exchange Server 2013 SP1 and Cumulative Update 8 allow remote attackers to bypass the Same Origin Policy and send HTTP traffic to intranet servers via a crafted request, related to a Server-Side Request Forgery (SSRF) issue, aka ""Exchange Server-Side Request Forgery Vulnerability.""",4.3,MEDIUM,2015-06-10T01:59:33.123,
CVE-2015-1818,"XML external entity (XXE) vulnerability in the dashbuilder import facility (DocumentBuilders in org.jboss.dashboard.export.ImportManagerImpl) in Red Hat JBoss BPM Suite before 6.1.2 allows remote attackers to read arbitrary files, conduct server-side request forgery (SSRF) attacks, and have other unspecified impact via a crafted XML document.",7.5,HIGH,2015-08-11T14:59:00.103,
CVE-2015-3623,XML external entity (XXE) vulnerability in QlikTech Qlikview before 11.20 SR12 allows remote attackers to conduct server-side request forgery (SSRF) attacks and read arbitrary files via crafted XML data in a request to AccessPoint.aspx.,6.4,MEDIUM,2015-09-16T18:59:02.957,
CVE-2015-1775,Server-side request forgery (SSRF) vulnerability in the proxy endpoint (api/v1/proxy) in Apache Ambari before 2.1.0 allows remote authenticated users to conduct port scans and access unsecured services via a crafted REST call.,5.5,MEDIUM,2015-11-02T19:59:00.107,
CVE-2015-7816,"The DisplayTopKeywords function in plugins/Referrers/Controller.php in Piwik before 2.15.0 allows remote attackers to conduct PHP object injection attacks, conduct Server-Side Request Forgery (SSRF) attacks, and execute arbitrary PHP code via a crafted HTTP header.",7.5,HIGH,2015-11-16T19:59:05.707,
CVE-2015-5255,"Adobe BlazeDS, as used in ColdFusion 10 before Update 18 and 11 before Update 7 and LiveCycle Data Services 3.0.x before 3.0.0.354175, 3.1.x before 3.1.0.354180, 4.5.x before 4.5.1.354177, 4.6.2.x before 4.6.2.354178, and 4.7.x before 4.7.0.354178, allows remote attackers to send HTTP traffic to intranet servers via a crafted XML document, related to a Server-Side Request Forgery (SSRF) issue.",4.3,MEDIUM,2015-11-18T21:59:00.130,CWE-20
CVE-2015-6388,"Cisco Unified Computing System (UCS) Central software 1.3(0.1) allows remote attackers to conduct server-side request forgery (SSRF) attacks via a crafted request, aka Bug ID CSCux33575.",5.0,MEDIUM,2015-12-05T03:59:04.173,
CVE-2016-0456,"Unspecified vulnerability in the Application Mgmt Pack for E-Business Suite component in Oracle E-Business Suite 12.1 and 12.2 allows remote attackers to affect confidentiality via vectors related to REST Framework, a different vulnerability than CVE-2016-0457. NOTE: the previous information is from the January 2016 CPU. Oracle has not commented on third-party claims that this issue is an XML External Entity (XXE) vulnerability, which allows remote attackers to read arbitrary files, cause a denial of service, conduct server-side request forgery (SSRF) attacks, or conduct SMB Relay attacks via a crafted DTD in an XML request to OA_HTML/copxmllcmservicecontroller.js.",5.0,MEDIUM,2016-01-21T03:00:05.663,
CVE-2016-0457,"Unspecified vulnerability in the Application Mgmt Pack for E-Business Suite component in Oracle E-Business Suite 12.1 and 12.2 allows remote attackers to affect confidentiality via vectors related to REST Framework, a different vulnerability than CVE-2016-0456.  NOTE: the previous information is from the January 2016 CPU. Oracle has not commented on third-party claims that this issue is an XML External Entity (XXE) vulnerability, which allows remote attackers to read arbitrary files, cause a denial of service, conduct server-side request forgery (SSRF) attacks, or conduct SMB Relay attacks via a crafted DTD in an XML request to OA_HTML/lcmServiceController.jsp.",5.0,MEDIUM,2016-01-21T03:00:06.943,
CVE-2016-3718,The (1) HTTP and (2) FTP coders in ImageMagick before 6.9.3-10 and 7.x before 7.0.1-1 allow remote attackers to conduct server-side request forgery (SSRF) attacks via a crafted image.,5.5,MEDIUM,2016-05-05T18:59:08.960,"CWE-918, CWE-918"
CVE-2016-1373,"The gadgets-integration API in Cisco Finesse 8.5(1) through 8.5(5), 8.6(1), 9.0(1), 9.0(2), 9.1(1), 9.1(1)SU1, 9.1(1)SU1.1, 9.1(1)ES1 through 9.1(1)ES5, 10.0(1), 10.0(1)SU1, 10.0(1)SU1.1, 10.5(1), 10.5(1)ES1 through 10.5(1)ES4, 10.5(1)SU1, 10.5(1)SU1.1, 10.5(1)SU1.7, 10.6(1), 10.6(1)SU1, 10.6(1)SU2, and 11.0(1) allows remote attackers to conduct server-side request forgery (SSRF) attacks via a crafted request, aka Bug ID CSCuw86623.",5.0,MEDIUM,2016-05-05T21:59:03.267,
CVE-2016-2222,The wp_http_validate_url function in wp-includes/http.php in WordPress before 4.4.2 allows remote attackers to conduct server-side request forgery (SSRF) attacks via a zero value in the first octet of an IPv4 address in the u parameter to wp-admin/press-this.php.,5.0,MEDIUM,2016-05-22T01:59:15.273,
CVE-2016-4371,"HPE Service Manager Software 9.30, 9.31, 9.32, 9.33, 9.34, 9.35, 9.40, and 9.41 allows remote authenticated users to obtain sensitive information, modify data, and conduct server-side request forgery (SSRF) attacks via unspecified vectors, related to the Server, Web Client, Windows Client, and Service Request components.",6.0,MEDIUM,2016-06-19T01:59:07.247,CWE-352
CVE-2016-3647,"Symantec Endpoint Protection Manager (SEPM) 12.1 before RU6 MP5 allows remote authenticated users to conduct server-side request forgery (SSRF) attacks, and trigger network traffic to arbitrary intranet hosts, via a crafted request.",4.0,MEDIUM,2016-06-30T23:59:08.747,
