cve_id,description,cvss_score,severity,published_date,cwe_ids,cleaned_description,extracted_entities,tokens,token_count,sentences,sentence_count
CVE-2018-19276,OpenMRS before 2.24.0 is affected by an Insecure Object Deserialization vulnerability that allows an unauthenticated user to execute arbitrary commands on the targeted system via crafted XML data in a request body.,9.8,CRITICAL,2019-03-21T16:00:30.390,CWE-502,OpenMRS before 2.24.0 is affected by an Insecure Object Deserialization vulnerability that allows an unauthenticated user to execute arbitrary commands on the targeted system via crafted XML data in a request body.,{'version': ['2.24.0']},"['openmrs', 'before', '2.24.0', 'is', 'affected', 'by', 'an', 'insecure', 'object', 'deserialization', 'vulnerability', 'that', 'allows', 'an', 'unauthenticated', 'user', 'to', 'execute', 'arbitrary', 'commands', 'on', 'the', 'targeted', 'system', 'via', 'crafted', 'xml', 'data', 'in', 'request', 'body']",31,['OpenMRS before 2.24.0 is affected by an Insecure Object Deserialization vulnerability that allows an unauthenticated user to execute arbitrary commands on the targeted system via crafted XML data in a request body.'],1
CVE-1999-1311,Vulnerability in dtlogin and dtsession in HP-UX 10.20 and 10.10 allows local users to bypass authentication and gain privileges.,4.6,MEDIUM,1997-01-07T05:00:00.000,Unknown,Vulnerability in dtlogin and dtsession in HP-UX 10.20 and 10.10 allows local users to bypass authentication and gain privileges.,"{'version': ['10.20', '10.10']}","['vulnerability', 'in', 'dtlogin', 'and', 'dtsession', 'in', 'hp-ux', '10.20', 'and', '10.10', 'allows', 'local', 'users', 'to', 'bypass', 'authentication', 'and', 'gain', 'privileges']",19,['Vulnerability in dtlogin and dtsession in HP-UX 10.20 and 10.10 allows local users to bypass authentication and gain privileges.'],1
CVE-2004-1842,Cross-site request forgery (CSRF) vulnerability in Php-Nuke 6.x through 7.1.0 allows remote attackers to gain administrative privileges via an img tag with a URL to admin.php.,8.8,HIGH,2004-12-31T05:00:00.000,CWE-352,Cross-site request forgery (CSRF) vulnerability in Php-Nuke 6.x through 7.1.0 allows remote attackers to gain administrative privileges via an img tag with a URL to admin.php.,{'version': ['7.1.0']},"['cross-site', 'request', 'forgery', 'csrf', 'vulnerability', 'in', 'php-nuke', '6.x', 'through', '7.1.0', 'allows', 'remote', 'attackers', 'to', 'gain', 'administrative', 'privileges', 'via', 'an', 'img', 'tag', 'with', 'url', 'to', 'admin.php']",25,['Cross-site request forgery (CSRF) vulnerability in Php-Nuke 6.x through 7.1.0 allows remote attackers to gain administrative privileges via an img tag with a URL to admin.php.'],1
CVE-2003-1345,Directory traversal vulnerability in s.dll in WebCollection Plus 5.00 allows remote attackers to view arbitrary files in c:\ via a full pathname in the d parameter.,5.0,MEDIUM,2003-12-31T05:00:00.000,CWE-22,Directory traversal vulnerability in s.dll in WebCollection Plus 5.00 allows remote attackers to view arbitrary files in c:\ via a full pathname in the d parameter.,{'version': ['5.00']},"['directory', 'traversal', 'vulnerability', 'in', 's.dll', 'in', 'webcollection', 'plus', '5.00', 'allows', 'remote', 'attackers', 'to', 'view', 'arbitrary', 'files', 'in', 'c', 'via', 'full', 'pathname', 'in', 'the', 'parameter']",24,['Directory traversal vulnerability in s.dll in WebCollection Plus 5.00 allows remote attackers to view arbitrary files in c:\\ via a full pathname in the d parameter.'],1
CVE-2011-1502,"Liferay Portal Community Edition (CE) 6.x before 6.0.6 GA, when Apache Tomcat is used, allows remote authenticated users to read arbitrary files via an entity declaration in conjunction with an entity reference, related to an XML External Entity (aka XXE) issue.",4.0,MEDIUM,2011-05-07T19:55:00.947,CWE-200,"Liferay Portal Community Edition (CE) 6.x before 6.0.6 GA, when Apache Tomcat is used, allows remote authenticated users to read arbitrary files via an entity declaration in conjunction with an entity reference, related to an XML External Entity (aka XXE) issue.",{'version': ['6.0.6']},"['liferay', 'portal', 'community', 'edition', 'ce', '6.x', 'before', '6.0.6', 'ga', 'when', 'apache', 'tomcat', 'is', 'used', 'allows', 'remote', 'authenticated', 'users', 'to', 'read', 'arbitrary', 'files', 'via', 'an', 'entity', 'declaration', 'in', 'conjunction', 'with', 'an', 'entity', 'reference', 'related', 'to', 'an', 'xml', 'external', 'entity', 'aka', 'xxe', 'issue']",41,"['Liferay Portal Community Edition (CE) 6.x before 6.0.6 GA, when Apache Tomcat is used, allows remote authenticated users to read arbitrary files via an entity declaration in conjunction with an entity reference, related to an XML External Entity (aka XXE) issue.']",1
CVE-2002-2426,"Cross-site request forgery (CSRF) vulnerability in Citrix Presentation Server 4.0 and 4.5, MetaFrame Presentation Server 3.0, and Access Essentials 1.0 through 2.0 allows remote attackers to execute arbitrary published applications, and possibly other programs, as authenticated users via the InitialProgram key in an ICA connection. NOTE: some of these details are obtained from third party information.",4.3,MEDIUM,2002-12-31T05:00:00.000,CWE-352,"Cross-site request forgery (CSRF) vulnerability in Citrix Presentation Server 4.0 and 4.5, MetaFrame Presentation Server 3.0, and Access Essentials 1.0 through 2.0 allows remote attackers to execute arbitrary published applications, and possibly other programs, as authenticated users via the InitialProgram key in an ICA connection. NOTE: some of these details are obtained from third party information.","{'version': ['4.0', '4.5', '3.0', '1.0', '2.0']}","['cross-site', 'request', 'forgery', 'csrf', 'vulnerability', 'in', 'citrix', 'presentation', 'server', '4.0', 'and', '4.5', 'metaframe', 'presentation', 'server', '3.0', 'and', 'access', 'essentials', '1.0', 'through', '2.0', 'allows', 'remote', 'attackers', 'to', 'execute', 'arbitrary', 'published', 'applications', 'and', 'possibly', 'other', 'programs', 'as', 'authenticated', 'users', 'via', 'the', 'initialprogram', 'key', 'in', 'an', 'ica', 'connection', 'note', 'some', 'of', 'these', 'details', 'are', 'obtained', 'from', 'third', 'party', 'information']",56,"['Cross-site request forgery (CSRF) vulnerability in Citrix Presentation Server 4.0 and 4.5, MetaFrame Presentation Server 3.0, and Access Essentials 1.0 through 2.0 allows remote attackers to execute arbitrary published applications, and possibly other programs, as authenticated users via the InitialProgram key in an ICA connection.', 'NOTE: some of these details are obtained from third party information.']",2
CVE-2002-0216,"userinfo.php in XOOPS 1.0 RC1 allows remote attackers to obtain sensitive information via a SQL injection attack in the ""uid"" parameter.",5.0,MEDIUM,2002-05-16T04:00:00.000,Unknown,"userinfo.php in XOOPS 1.0 RC1 allows remote attackers to obtain sensitive information via a SQL injection attack in the ""uid"" parameter.",{'version': ['1.0']},"['userinfo.php', 'in', 'xoops', '1.0', 'rc1', 'allows', 'remote', 'attackers', 'to', 'obtain', 'sensitive', 'information', 'via', 'sql', 'injection', 'attack', 'in', 'the', '``', 'uid', ""''"", 'parameter']",22,"['userinfo.php in XOOPS 1.0 RC1 allows remote attackers to obtain sensitive information via a SQL injection attack in the ""uid"" parameter.']",1
CVE-2003-1094,"BEA WebLogic Server and Express version 7.0 SP3 may follow certain code execution paths that result in an incorrect current user, such as in the frequent use of JNDI initial contexts, which could allow remote authenticated users to gain privileges.",7.2,HIGH,2003-12-31T05:00:00.000,Unknown,"BEA WebLogic Server and Express version 7.0 SP3 may follow certain code execution paths that result in an incorrect current user, such as in the frequent use of JNDI initial contexts, which could allow remote authenticated users to gain privileges.",{'version': ['7.0']},"['bea', 'weblogic', 'server', 'and', 'express', 'version', '7.0', 'sp3', 'may', 'follow', 'certain', 'code', 'execution', 'paths', 'that', 'result', 'in', 'an', 'incorrect', 'current', 'user', 'such', 'as', 'in', 'the', 'frequent', 'use', 'of', 'jndi', 'initial', 'contexts', 'which', 'could', 'allow', 'remote', 'authenticated', 'users', 'to', 'gain', 'privileges']",40,"['BEA WebLogic Server and Express version 7.0 SP3 may follow certain code execution paths that result in an incorrect current user, such as in the frequent use of JNDI initial contexts, which could allow remote authenticated users to gain privileges.']",1
CVE-2018-1000167,"OISF suricata-update version 1.0.0a1 contains an Insecure Deserialization vulnerability in the insecure yaml.load-Function as used in the following files: config.py:136, config.py:142, sources.py:99 and sources.py:131. The ""list-sources""-command is affected by this bug. that can result in Remote Code Execution(even as root if suricata-update is called by root). This attack appears to be exploitable via a specially crafted yaml-file at https://www.openinfosecfoundation.org/rules/index.yaml. This vulnerability appears to have been fixed in 1.0.0b1.",9.3,CRITICAL,2018-04-18T19:29:00.833,CWE-502,"OISF suricata-update version 1.0.0a1 contains an Insecure Deserialization vulnerability in the insecure yaml.load-Function as used in the following files: config.py:136, config.py:142, sources.py:99 and sources.py:131. The ""list-sources""-command is affected by this bug. that can result in Remote Code Execution(even as root if suricata-update is called by root). This attack appears to be exploitable via a specially crafted yaml-file at URL This vulnerability appears to have been fixed in 1.0.0b1.",{'version': ['1.0.0']},"['oisf', 'suricata-update', 'version', '1.0.0a1', 'contains', 'an', 'insecure', 'deserialization', 'vulnerability', 'in', 'the', 'insecure', 'yaml.load-function', 'as', 'used', 'in', 'the', 'following', 'files', 'config.py:136', 'config.py:142', 'sources.py:99', 'and', 'sources.py:131.', 'the', '``', 'list-sources', ""''"", '-command', 'is', 'affected', 'by', 'this', 'bug', 'that', 'can', 'result', 'in', 'remote', 'code', 'execution', 'even', 'as', 'root', 'if', 'suricata-update', 'is', 'called', 'by', 'root', 'this', 'attack', 'appears', 'to', 'be', 'exploitable', 'via', 'specially', 'crafted', 'yaml-file', 'at', 'url', 'this', 'vulnerability', 'appears', 'to', 'have', 'been', 'fixed', 'in', '1.0.0b1']",71,"['OISF suricata-update version 1.0.0a1 contains an Insecure Deserialization vulnerability in the insecure yaml.load-Function as used in the following files: config.py:136, config.py:142, sources.py:99 and sources.py:131.', 'The ""list-sources""-command is affected by this bug.', 'that can result in Remote Code Execution(even as root if suricata-update is called by root).', 'This attack appears to be exploitable via a specially crafted yaml-file at URL This vulnerability appears to have been fixed in 1.0.0b1.']",4
CVE-2001-1161,"Cross-site scripting (CSS) vulnerability in Lotus Domino 5.0.6 allows remote attackers to execute script on other web clients via a URL that ends in Javascript, which generates an error message that does not quote the resulting script.",7.5,HIGH,2001-07-02T04:00:00.000,Unknown,"Cross-site scripting (CSS) vulnerability in Lotus Domino 5.0.6 allows remote attackers to execute script on other web clients via a URL that ends in Javascript, which generates an error message that does not quote the resulting script.",{'version': ['5.0.6']},"['cross-site', 'scripting', 'css', 'vulnerability', 'in', 'lotus', 'domino', '5.0.6', 'allows', 'remote', 'attackers', 'to', 'execute', 'script', 'on', 'other', 'web', 'clients', 'via', 'url', 'that', 'ends', 'in', 'javascript', 'which', 'generates', 'an', 'error', 'message', 'that', 'does', 'not', 'quote', 'the', 'resulting', 'script']",36,"['Cross-site scripting (CSS) vulnerability in Lotus Domino 5.0.6 allows remote attackers to execute script on other web clients via a URL that ends in Javascript, which generates an error message that does not quote the resulting script.']",1
CVE-1999-0168,"The portmapper may act as a proxy and redirect service requests from an attacker, making the request appear to come from the local host, possibly bypassing authentication that would otherwise have taken place.  For example, NFS file systems could be mounted through the portmapper despite export restrictions.",7.5,HIGH,1992-06-04T04:00:00.000,Unknown,"The portmapper may act as a proxy and redirect service requests from an attacker, making the request appear to come from the local host, possibly bypassing authentication that would otherwise have taken place. For example, NFS file systems could be mounted through the portmapper despite export restrictions.",{},"['the', 'portmapper', 'may', 'act', 'as', 'proxy', 'and', 'redirect', 'service', 'requests', 'from', 'an', 'attacker', 'making', 'the', 'request', 'appear', 'to', 'come', 'from', 'the', 'local', 'host', 'possibly', 'bypassing', 'authentication', 'that', 'would', 'otherwise', 'have', 'taken', 'place', 'for', 'example', 'nfs', 'file', 'systems', 'could', 'be', 'mounted', 'through', 'the', 'portmapper', 'despite', 'export', 'restrictions']",46,"['The portmapper may act as a proxy and redirect service requests from an attacker, making the request appear to come from the local host, possibly bypassing authentication that would otherwise have taken place.', 'For example, NFS file systems could be mounted through the portmapper despite export restrictions.']",2
CVE-2014-9302,Server-side request forgery (SSRF) vulnerability in the cmisbrowser servlet in Content Management Interoperability Service (CMIS) in Alfresco Community Edition 5.0.a and earlier allows remote attackers to trigger outbound requests via a crafted URI in the url parameter.,5.0,MEDIUM,2014-12-07T21:59:03.727,Unknown,Server-side request forgery (SSRF) vulnerability in the cmisbrowser servlet in Content Management Interoperability Service (CMIS) in Alfresco Community Edition 5.0.a and earlier allows remote attackers to trigger outbound requests via a crafted URI in the url parameter.,{'version': ['5.0.']},"['server-side', 'request', 'forgery', 'ssrf', 'vulnerability', 'in', 'the', 'cmisbrowser', 'servlet', 'in', 'content', 'management', 'interoperability', 'service', 'cmis', 'in', 'alfresco', 'community', 'edition', '5.0.a', 'and', 'earlier', 'allows', 'remote', 'attackers', 'to', 'trigger', 'outbound', 'requests', 'via', 'crafted', 'uri', 'in', 'the', 'url', 'parameter']",36,['Server-side request forgery (SSRF) vulnerability in the cmisbrowser servlet in Content Management Interoperability Service (CMIS) in Alfresco Community Edition 5.0.a and earlier allows remote attackers to trigger outbound requests via a crafted URI in the url parameter.'],1
CVE-2001-0727,"Internet Explorer 6.0 allows remote attackers to execute arbitrary code by modifying the Content-Disposition and Content-Type header fields in a way that causes Internet Explorer to believe that the file is safe to open without prompting the user, aka the ""File Execution Vulnerability.""",7.5,HIGH,2001-12-14T05:00:00.000,Unknown,"Internet Explorer 6.0 allows remote attackers to execute arbitrary code by modifying the Content-Disposition and Content-Type header fields in a way that causes Internet Explorer to believe that the file is safe to open without prompting the user, aka the ""File Execution Vulnerability.""",{'version': ['6.0']},"['internet', 'explorer', '6.0', 'allows', 'remote', 'attackers', 'to', 'execute', 'arbitrary', 'code', 'by', 'modifying', 'the', 'content-disposition', 'and', 'content-type', 'header', 'fields', 'in', 'way', 'that', 'causes', 'internet', 'explorer', 'to', 'believe', 'that', 'the', 'file', 'is', 'safe', 'to', 'open', 'without', 'prompting', 'the', 'user', 'aka', 'the', '``', 'file', 'execution', 'vulnerability', ""''""]",44,"['Internet Explorer 6.0 allows remote attackers to execute arbitrary code by modifying the Content-Disposition and Content-Type header fields in a way that causes Internet Explorer to believe that the file is safe to open without prompting the user, aka the ""File Execution Vulnerability.""']",1
CVE-2011-3579,"server/webmail.php in IceWarp WebMail in IceWarp Mail Server before 10.3.3 allows remote attackers to read arbitrary files, and possibly send HTTP requests to intranet servers or cause a denial of service (CPU and memory consumption), via an XML external entity declaration in conjunction with an entity reference.",6.4,MEDIUM,2011-09-30T17:55:01.180,CWE-399,"server/webmail.php in IceWarp WebMail in IceWarp Mail Server before 10.3.3 allows remote attackers to read arbitrary files, and possibly send HTTP requests to intranet servers or cause a denial of service (CPU and memory consumption), via an XML external entity declaration in conjunction with an entity reference.",{'version': ['10.3.3']},"['server/webmail.php', 'in', 'icewarp', 'webmail', 'in', 'icewarp', 'mail', 'server', 'before', '10.3.3', 'allows', 'remote', 'attackers', 'to', 'read', 'arbitrary', 'files', 'and', 'possibly', 'send', 'http', 'requests', 'to', 'intranet', 'servers', 'or', 'cause', 'denial', 'of', 'service', 'cpu', 'and', 'memory', 'consumption', 'via', 'an', 'xml', 'external', 'entity', 'declaration', 'in', 'conjunction', 'with', 'an', 'entity', 'reference']",46,"['server/webmail.php in IceWarp WebMail in IceWarp Mail Server before 10.3.3 allows remote attackers to read arbitrary files, and possibly send HTTP requests to intranet servers or cause a denial of service (CPU and memory consumption), via an XML external entity declaration in conjunction with an entity reference.']",1
CVE-2019-12240,"The Virim plugin 0.4 for WordPress allows Insecure Deserialization via s_values, t_values, or c_values in graph.php.",7.5,HIGH,2019-05-20T20:29:00.783,CWE-502,"The Virim plugin 0.4 for WordPress allows Insecure Deserialization via s_values, t_values, or c_values in graph.php.",{'version': ['0.4']},"['the', 'virim', 'plugin', '0.4', 'for', 'wordpress', 'allows', 'insecure', 'deserialization', 'via', 's_values', 't_values', 'or', 'c_values', 'in', 'graph.php']",16,"['The Virim plugin 0.4 for WordPress allows Insecure Deserialization via s_values, t_values, or c_values in graph.php.']",1
CVE-2014-8749,Server-side request forgery (SSRF) vulnerability in admin/htaccess/bpsunlock.php in the BulletProof Security plugin before .51.1 for WordPress allows remote attackers to trigger outbound requests that authenticate to arbitrary databases via the dbhost parameter.,5.0,MEDIUM,2014-12-01T15:59:07.877,Unknown,Server-side request forgery (SSRF) vulnerability in admin/htaccess/bpsunlock.php in the BulletProof Security plugin before .51.1 for WordPress allows remote attackers to trigger outbound requests that authenticate to arbitrary databases via the dbhost parameter.,{'version': ['51.1']},"['server-side', 'request', 'forgery', 'ssrf', 'vulnerability', 'in', 'admin/htaccess/bpsunlock.php', 'in', 'the', 'bulletproof', 'security', 'plugin', 'before', '.51.1', 'for', 'wordpress', 'allows', 'remote', 'attackers', 'to', 'trigger', 'outbound', 'requests', 'that', 'authenticate', 'to', 'arbitrary', 'databases', 'via', 'the', 'dbhost', 'parameter']",32,['Server-side request forgery (SSRF) vulnerability in admin/htaccess/bpsunlock.php in the BulletProof Security plugin before .51.1 for WordPress allows remote attackers to trigger outbound requests that authenticate to arbitrary databases via the dbhost parameter.'],1
CVE-2008-0628,"The XML parsing code in Sun Java Runtime Environment JDK and JRE 6 Update 3 and earlier processes external entity references even when the ""external general entities"" property is false, which allows remote attackers to conduct XML external entity (XXE) attacks and cause a denial of service or access restricted resources.",7.8,HIGH,2008-02-06T21:00:00.000,CWE-264,"The XML parsing code in Sun Java Runtime Environment JDK and JRE 6 Update 3 and earlier processes external entity references even when the ""external general entities"" property is false, which allows remote attackers to conduct XML external entity (XXE) attacks and cause a denial of service or access restricted resources.",{},"['the', 'xml', 'parsing', 'code', 'in', 'sun', 'java', 'runtime', 'environment', 'jdk', 'and', 'jre', 'update', 'and', 'earlier', 'processes', 'external', 'entity', 'references', 'even', 'when', 'the', '``', 'external', 'general', 'entities', ""''"", 'property', 'is', 'false', 'which', 'allows', 'remote', 'attackers', 'to', 'conduct', 'xml', 'external', 'entity', 'xxe', 'attacks', 'and', 'cause', 'denial', 'of', 'service', 'or', 'access', 'restricted', 'resources']",50,"['The XML parsing code in Sun Java Runtime Environment JDK and JRE 6 Update 3 and earlier processes external entity references even when the ""external general entities"" property is false, which allows remote attackers to conduct XML external entity (XXE) attacks and cause a denial of service or access restricted resources.']",1
CVE-2019-11030,"Mirasys VMS before V7.6.1 and 8.x before V8.3.2 mishandles the Mirasys.Common.Utils.Security.DataCrypt method in Common.dll in AuditTrailService in SMServer.exe. This method triggers insecure deserialization within the .NET garbage collector, in which a gadget (contained in a serialized object) may be executed with SYSTEM privileges. The attacker must properly encrypt the object; however, the hardcoded keys are available.",10.0,CRITICAL,2019-08-22T15:15:12.233,"CWE-502, CWE-798","Mirasys VMS before V7.6.1 and 8.x before V8.3.2 mishandles the Mirasys.Common.Utils.Security.DataCrypt method in Common.dll in AuditTrailService in SMServer.exe. This method triggers insecure deserialization within the .NET garbage collector, in which a gadget (contained in a serialized object) may be executed with SYSTEM privileges. The attacker must properly encrypt the object; however, the hardcoded keys are available.","{'version': ['V7.6.1', 'V8.3.2']}","['mirasys', 'vms', 'before', 'v7.6.1', 'and', '8.x', 'before', 'v8.3.2', 'mishandles', 'the', 'mirasys.common.utils.security.datacrypt', 'method', 'in', 'common.dll', 'in', 'audittrailservice', 'in', 'smserver.exe', 'this', 'method', 'triggers', 'insecure', 'deserialization', 'within', 'the', '.net', 'garbage', 'collector', 'in', 'which', 'gadget', 'contained', 'in', 'serialized', 'object', 'may', 'be', 'executed', 'with', 'system', 'privileges', 'the', 'attacker', 'must', 'properly', 'encrypt', 'the', 'object', 'however', 'the', 'hardcoded', 'keys', 'are', 'available']",54,"['Mirasys VMS before V7.6.1 and 8.x before V8.3.2 mishandles the Mirasys.Common.Utils.Security.DataCrypt method in Common.dll in AuditTrailService in SMServer.exe.', 'This method triggers insecure deserialization within the .NET garbage collector, in which a gadget (contained in a serialized object) may be executed with SYSTEM privileges.', 'The attacker must properly encrypt the object; however, the hardcoded keys are available.']",3
CVE-2001-1460,SQL injection vulnerability in article.php in PostNuke 0.62 through 0.64 allows remote attackers to bypass authentication via the user parameter.,7.5,HIGH,2001-10-13T04:00:00.000,Unknown,SQL injection vulnerability in article.php in PostNuke 0.62 through 0.64 allows remote attackers to bypass authentication via the user parameter.,"{'version': ['0.62', '0.64']}","['sql', 'injection', 'vulnerability', 'in', 'article.php', 'in', 'postnuke', '0.62', 'through', '0.64', 'allows', 'remote', 'attackers', 'to', 'bypass', 'authentication', 'via', 'the', 'user', 'parameter']",20,['SQL injection vulnerability in article.php in PostNuke 0.62 through 0.64 allows remote attackers to bypass authentication via the user parameter.'],1
CVE-2002-1919,SQL injection vulnerability in shopadmin.asp in VP-ASP 4.0 allows remote attackers to execute arbitrary SQL commands and bypass authentication via the (1) username or (2) password fields.,7.5,HIGH,2002-12-31T05:00:00.000,Unknown,SQL injection vulnerability in shopadmin.asp in VP-ASP 4.0 allows remote attackers to execute arbitrary SQL commands and bypass authentication via the (1) username or (2) password fields.,{'version': ['4.0']},"['sql', 'injection', 'vulnerability', 'in', 'shopadmin.asp', 'in', 'vp-asp', '4.0', 'allows', 'remote', 'attackers', 'to', 'execute', 'arbitrary', 'sql', 'commands', 'and', 'bypass', 'authentication', 'via', 'the', 'username', 'or', 'password', 'fields']",25,['SQL injection vulnerability in shopadmin.asp in VP-ASP 4.0 allows remote attackers to execute arbitrary SQL commands and bypass authentication via the (1) username or (2) password fields.'],1
CVE-2001-0205,"Directory traversal vulnerability in AOLserver 3.2 and earlier allows remote attackers to read arbitrary files by inserting ""..."" into the requested pathname, a modified .. (dot dot) attack.",5.0,MEDIUM,2001-05-03T04:00:00.000,Unknown,"Directory traversal vulnerability in AOLserver 3.2 and earlier allows remote attackers to read arbitrary files by inserting ""..."" into the requested pathname, a modified .. (dot dot) attack.",{'version': ['3.2']},"['directory', 'traversal', 'vulnerability', 'in', 'aolserver', '3.2', 'and', 'earlier', 'allows', 'remote', 'attackers', 'to', 'read', 'arbitrary', 'files', 'by', 'inserting', '``', '...', ""''"", 'into', 'the', 'requested', 'pathname', 'modified', '..', 'dot', 'dot', 'attack']",29,"['Directory traversal vulnerability in AOLserver 3.2 and earlier allows remote attackers to read arbitrary files by inserting ""..."" into the requested pathname, a modified .. (dot dot) attack.']",1
CVE-2009-3960,"Unspecified vulnerability in BlazeDS 3.2 and earlier, as used in LiveCycle 8.0.1, 8.2.1, and 9.0, LiveCycle Data Services 2.5.1, 2.6.1, and 3.0, Flex Data Services 2.0.1, and ColdFusion 7.0.2, 8.0, 8.0.1, and 9.0, allows remote attackers to obtain sensitive information via vectors that are associated with a request, and related to injected tags and external entity references in XML documents.",6.5,MEDIUM,2010-02-15T18:30:00.407,Unknown,"Unspecified vulnerability in BlazeDS 3.2 and earlier, as used in LiveCycle 8.0.1, 8.2.1, and 9.0, LiveCycle Data Services 2.5.1, 2.6.1, and 3.0, Flex Data Services 2.0.1, and ColdFusion 7.0.2, 8.0, 8.0.1, and 9.0, allows remote attackers to obtain sensitive information via vectors that are associated with a request, and related to injected tags and external entity references in XML documents.","{'version': ['3.2', '8.0.1', '8.2.1', '9.0', '2.5.1', '2.6.1', '3.0', '2.0.1', '7.0.2', '8.0']}","['unspecified', 'vulnerability', 'in', 'blazeds', '3.2', 'and', 'earlier', 'as', 'used', 'in', 'livecycle', '8.0.1', '8.2.1', 'and', '9.0', 'livecycle', 'data', 'services', '2.5.1', '2.6.1', 'and', '3.0', 'flex', 'data', 'services', '2.0.1', 'and', 'coldfusion', '7.0.2', '8.0', '8.0.1', 'and', '9.0', 'allows', 'remote', 'attackers', 'to', 'obtain', 'sensitive', 'information', 'via', 'vectors', 'that', 'are', 'associated', 'with', 'request', 'and', 'related', 'to', 'injected', 'tags', 'and', 'external', 'entity', 'references', 'in', 'xml', 'documents']",59,"['Unspecified vulnerability in BlazeDS 3.2 and earlier, as used in LiveCycle 8.0.1, 8.2.1, and 9.0, LiveCycle Data Services 2.5.1, 2.6.1, and 3.0, Flex Data Services 2.0.1, and ColdFusion 7.0.2, 8.0, 8.0.1, and 9.0, allows remote attackers to obtain sensitive information via vectors that are associated with a request, and related to injected tags and external entity references in XML documents.']",1
CVE-2009-1699,"The XSL stylesheet implementation in WebKit in Apple Safari before 4.0, iPhone OS 1.0 through 2.2.1, and iPhone OS for iPod touch 1.1 through 2.2.1 does not properly handle XML external entities, which allows remote attackers to read arbitrary files via a crafted DTD, as demonstrated by a file:///etc/passwd URL in an entity declaration, related to an ""XXE attack.""",7.5,HIGH,2009-06-10T18:00:00.517,CWE-611,"The XSL stylesheet implementation in WebKit in Apple Safari before 4.0, iPhone OS 1.0 through 2.2.1, and iPhone OS for iPod touch 1.1 through 2.2.1 does not properly handle XML external entities, which allows remote attackers to read arbitrary files via a crafted DTD, as demonstrated by a file:///etc/passwd URL in an entity declaration, related to an ""XXE attack.""","{'version': ['4.0', '1.0', '2.2.1', '1.1']}","['the', 'xsl', 'stylesheet', 'implementation', 'in', 'webkit', 'in', 'apple', 'safari', 'before', '4.0', 'iphone', 'os', '1.0', 'through', '2.2.1', 'and', 'iphone', 'os', 'for', 'ipod', 'touch', '1.1', 'through', '2.2.1', 'does', 'not', 'properly', 'handle', 'xml', 'external', 'entities', 'which', 'allows', 'remote', 'attackers', 'to', 'read', 'arbitrary', 'files', 'via', 'crafted', 'dtd', 'as', 'demonstrated', 'by', 'file', '///etc/passwd', 'url', 'in', 'an', 'entity', 'declaration', 'related', 'to', 'an', '``', 'xxe', 'attack', ""''""]",60,"['The XSL stylesheet implementation in WebKit in Apple Safari before 4.0, iPhone OS 1.0 through 2.2.1, and iPhone OS for iPod touch 1.1 through 2.2.1 does not properly handle XML external entities, which allows remote attackers to read arbitrary files via a crafted DTD, as demonstrated by a file:///etc/passwd URL in an entity declaration, related to an ""XXE attack.""']",1
CVE-2001-1283,"The webmail interface for Ipswitch IMail 7.04 and earlier allows remote authenticated users to cause a denial of service (crash) via a mailbox name that contains a large number of . (dot) or other characters to programs such as (1) readmail.cgi or (2) printmail.cgi, possibly due to a buffer overflow that may allow execution of arbitrary code.",7.5,HIGH,2001-10-12T04:00:00.000,Unknown,"The webmail interface for Ipswitch IMail 7.04 and earlier allows remote authenticated users to cause a denial of service (crash) via a mailbox name that contains a large number of . (dot) or other characters to programs such as (1) readmail.cgi or (2) printmail.cgi, possibly due to a buffer overflow that may allow execution of arbitrary code.",{'version': ['7.04']},"['the', 'webmail', 'interface', 'for', 'ipswitch', 'imail', '7.04', 'and', 'earlier', 'allows', 'remote', 'authenticated', 'users', 'to', 'cause', 'denial', 'of', 'service', 'crash', 'via', 'mailbox', 'name', 'that', 'contains', 'large', 'number', 'of', 'dot', 'or', 'other', 'characters', 'to', 'programs', 'such', 'as', 'readmail.cgi', 'or', 'printmail.cgi', 'possibly', 'due', 'to', 'buffer', 'overflow', 'that', 'may', 'allow', 'execution', 'of', 'arbitrary', 'code']",50,"['The webmail interface for Ipswitch IMail 7.04 and earlier allows remote authenticated users to cause a denial of service (crash) via a mailbox name that contains a large number of .', '(dot) or other characters to programs such as (1) readmail.cgi or (2) printmail.cgi, possibly due to a buffer overflow that may allow execution of arbitrary code.']",2
CVE-2001-0206,Directory traversal vulnerability in Soft Lite ServerWorx 3.00 allows remote attackers to read arbitrary files by inserting a .. (dot dot) or ... into the requested pathname of an HTTP GET request.,5.0,MEDIUM,2001-06-02T04:00:00.000,Unknown,Directory traversal vulnerability in Soft Lite ServerWorx 3.00 allows remote attackers to read arbitrary files by inserting a .. (dot dot) or ... into the requested pathname of an HTTP GET request.,{'version': ['3.00']},"['directory', 'traversal', 'vulnerability', 'in', 'soft', 'lite', 'serverworx', '3.00', 'allows', 'remote', 'attackers', 'to', 'read', 'arbitrary', 'files', 'by', 'inserting', '..', 'dot', 'dot', 'or', '...', 'into', 'the', 'requested', 'pathname', 'of', 'an', 'http', 'get', 'request']",31,['Directory traversal vulnerability in Soft Lite ServerWorx 3.00 allows remote attackers to read arbitrary files by inserting a .. (dot dot) or ... into the requested pathname of an HTTP GET request.'],1
CVE-2000-1053,Allaire JRun 2.3.3 server allows remote attackers to compile and execute JSP code by inserting it via a cross-site scripting (CSS) attack and directly calling the com.livesoftware.jrun.plugins.JSP JSP servlet.,10.0,CRITICAL,2000-12-11T05:00:00.000,Unknown,Allaire JRun 2.3.3 server allows remote attackers to compile and execute JSP code by inserting it via a cross-site scripting (CSS) attack and directly calling the com.livesoftware.jrun.plugins.JSP JSP servlet.,{'version': ['2.3.3']},"['allaire', 'jrun', '2.3.3', 'server', 'allows', 'remote', 'attackers', 'to', 'compile', 'and', 'execute', 'jsp', 'code', 'by', 'inserting', 'it', 'via', 'cross-site', 'scripting', 'css', 'attack', 'and', 'directly', 'calling', 'the', 'com.livesoftware.jrun.plugins.jsp', 'jsp', 'servlet']",28,['Allaire JRun 2.3.3 server allows remote attackers to compile and execute JSP code by inserting it via a cross-site scripting (CSS) attack and directly calling the com.livesoftware.jrun.plugins.JSP JSP servlet.'],1
CVE-2005-1674,Cross-Site Request Forgery (CSRF) vulnerability in Help Center Live allows remote attackers to perform actions as the administrator via a link or IMG tag to view.php.,6.5,MEDIUM,2005-05-19T04:00:00.000,"CWE-352, CWE-352",Cross-Site Request Forgery (CSRF) vulnerability in Help Center Live allows remote attackers to perform actions as the administrator via a link or IMG tag to view.php.,{},"['cross-site', 'request', 'forgery', 'csrf', 'vulnerability', 'in', 'help', 'center', 'live', 'allows', 'remote', 'attackers', 'to', 'perform', 'actions', 'as', 'the', 'administrator', 'via', 'link', 'or', 'img', 'tag', 'to', 'view.php']",25,['Cross-Site Request Forgery (CSRF) vulnerability in Help Center Live allows remote attackers to perform actions as the administrator via a link or IMG tag to view.php.'],1
CVE-2014-9292,Server-side request forgery (SSRF) vulnerability in proxy.php in the jRSS Widget plugin 1.2 and earlier for WordPress allows remote attackers to trigger outbound requests and enumerate open ports via the url parameter.,5.8,MEDIUM,2014-12-05T22:59:00.067,Unknown,Server-side request forgery (SSRF) vulnerability in proxy.php in the jRSS Widget plugin 1.2 and earlier for WordPress allows remote attackers to trigger outbound requests and enumerate open ports via the url parameter.,{'version': ['1.2']},"['server-side', 'request', 'forgery', 'ssrf', 'vulnerability', 'in', 'proxy.php', 'in', 'the', 'jrss', 'widget', 'plugin', '1.2', 'and', 'earlier', 'for', 'wordpress', 'allows', 'remote', 'attackers', 'to', 'trigger', 'outbound', 'requests', 'and', 'enumerate', 'open', 'ports', 'via', 'the', 'url', 'parameter']",32,['Server-side request forgery (SSRF) vulnerability in proxy.php in the jRSS Widget plugin 1.2 and earlier for WordPress allows remote attackers to trigger outbound requests and enumerate open ports via the url parameter.'],1
CVE-2000-0233,SuSE Linux IMAP server allows remote attackers to bypass IMAP authentication and gain privileges.,10.0,CRITICAL,2000-03-15T05:00:00.000,Unknown,SuSE Linux IMAP server allows remote attackers to bypass IMAP authentication and gain privileges.,{},"['suse', 'linux', 'imap', 'server', 'allows', 'remote', 'attackers', 'to', 'bypass', 'imap', 'authentication', 'and', 'gain', 'privileges']",14,['SuSE Linux IMAP server allows remote attackers to bypass IMAP authentication and gain privileges.'],1
CVE-2000-0746,"Vulnerabilities in IIS 4.0 and 5.0 do not properly protect against cross-site scripting (CSS) attacks.  They allow a malicious web site operator to embed scripts in a link to a trusted site, which are returned without quoting in an error message back to the client.  The client then executes those scripts in the same context as the trusted site, aka the ""IIS Cross-Site Scripting"" vulnerabilities.",7.5,HIGH,2000-10-20T04:00:00.000,Unknown,"Vulnerabilities in IIS 4.0 and 5.0 do not properly protect against cross-site scripting (CSS) attacks. They allow a malicious web site operator to embed scripts in a link to a trusted site, which are returned without quoting in an error message back to the client. The client then executes those scripts in the same context as the trusted site, aka the ""IIS Cross-Site Scripting"" vulnerabilities.","{'version': ['4.0', '5.0']}","['vulnerabilities', 'in', 'iis', '4.0', 'and', '5.0', 'do', 'not', 'properly', 'protect', 'against', 'cross-site', 'scripting', 'css', 'attacks', 'they', 'allow', 'malicious', 'web', 'site', 'operator', 'to', 'embed', 'scripts', 'in', 'link', 'to', 'trusted', 'site', 'which', 'are', 'returned', 'without', 'quoting', 'in', 'an', 'error', 'message', 'back', 'to', 'the', 'client', 'the', 'client', 'then', 'executes', 'those', 'scripts', 'in', 'the', 'same', 'context', 'as', 'the', 'trusted', 'site', 'aka', 'the', '``', 'iis', 'cross-site', 'scripting', ""''"", 'vulnerabilities']",64,"['Vulnerabilities in IIS 4.0 and 5.0 do not properly protect against cross-site scripting (CSS) attacks.', 'They allow a malicious web site operator to embed scripts in a link to a trusted site, which are returned without quoting in an error message back to the client.', 'The client then executes those scripts in the same context as the trusted site, aka the ""IIS Cross-Site Scripting"" vulnerabilities.']",3
CVE-2004-1967,"Cross-site request forgery (CSRF) vulnerabilities in (1) cp_forums.php, (2) cp_usergroup.php, (3) cp_ipbans.php, (4) myhome.php, (5) post.php, or (6) moderator.php in Open Bulletin Board (OpenBB) 1.0.6 and earlier allow remote attackers to execute arbitrary code by including the code in an image tag or a link.",8.8,HIGH,2004-04-25T04:00:00.000,CWE-352,"Cross-site request forgery (CSRF) vulnerabilities in (1) cp_forums.php, (2) cp_usergroup.php, (3) cp_ipbans.php, (4) myhome.php, (5) post.php, or (6) moderator.php in Open Bulletin Board (OpenBB) 1.0.6 and earlier allow remote attackers to execute arbitrary code by including the code in an image tag or a link.",{'version': ['1.0.6']},"['cross-site', 'request', 'forgery', 'csrf', 'vulnerabilities', 'in', 'cp_forums.php', 'cp_usergroup.php', 'cp_ipbans.php', 'myhome.php', 'post.php', 'or', 'moderator.php', 'in', 'open', 'bulletin', 'board', 'openbb', '1.0.6', 'and', 'earlier', 'allow', 'remote', 'attackers', 'to', 'execute', 'arbitrary', 'code', 'by', 'including', 'the', 'code', 'in', 'an', 'image', 'tag', 'or', 'link']",38,"['Cross-site request forgery (CSRF) vulnerabilities in (1) cp_forums.php, (2) cp_usergroup.php, (3) cp_ipbans.php, (4) myhome.php, (5) post.php, or (6) moderator.php in Open Bulletin Board (OpenBB) 1.0.6 and earlier allow remote attackers to execute arbitrary code by including the code in an image tag or a link.']",1
CVE-2002-0645,SQL injection vulnerability in stored procedures for Microsoft SQL Server 2000 and Microsoft Desktop Engine (MSDE) 2000 may allow authenticated users to execute arbitrary commands.,7.5,HIGH,2002-08-12T04:00:00.000,Unknown,SQL injection vulnerability in stored procedures for Microsoft SQL Server 2000 and Microsoft Desktop Engine (MSDE) 2000 may allow authenticated users to execute arbitrary commands.,{},"['sql', 'injection', 'vulnerability', 'in', 'stored', 'procedures', 'for', 'microsoft', 'sql', 'server', '2000', 'and', 'microsoft', 'desktop', 'engine', 'msde', '2000', 'may', 'allow', 'authenticated', 'users', 'to', 'execute', 'arbitrary', 'commands']",25,['SQL injection vulnerability in stored procedures for Microsoft SQL Server 2000 and Microsoft Desktop Engine (MSDE) 2000 may allow authenticated users to execute arbitrary commands.'],1
CVE-2002-0719,SQL injection vulnerability in the function that services for Microsoft Content Management Server (MCMS) 2001 allows remote attackers to execute arbitrary commands via an MCMS resource request for image files or other files.,7.5,HIGH,2002-08-12T04:00:00.000,Unknown,SQL injection vulnerability in the function that services for Microsoft Content Management Server (MCMS) 2001 allows remote attackers to execute arbitrary commands via an MCMS resource request for image files or other files.,{},"['sql', 'injection', 'vulnerability', 'in', 'the', 'function', 'that', 'services', 'for', 'microsoft', 'content', 'management', 'server', 'mcms', '2001', 'allows', 'remote', 'attackers', 'to', 'execute', 'arbitrary', 'commands', 'via', 'an', 'mcms', 'resource', 'request', 'for', 'image', 'files', 'or', 'other', 'files']",33,['SQL injection vulnerability in the function that services for Microsoft Content Management Server (MCMS) 2001 allows remote attackers to execute arbitrary commands via an MCMS resource request for image files or other files.'],1
CVE-2001-1482,SQL injection vulnerability in bb_memberlist.php for phpBB 1.4.2 allows remote attackers to execute arbitrary SQL queries via the $sortby variable.,7.5,HIGH,2001-12-31T05:00:00.000,Unknown,SQL injection vulnerability in bb_memberlist.php for phpBB 1.4.2 allows remote attackers to execute arbitrary SQL queries via the $sortby variable.,{'version': ['1.4.2']},"['sql', 'injection', 'vulnerability', 'in', 'bb_memberlist.php', 'for', 'phpbb', '1.4.2', 'allows', 'remote', 'attackers', 'to', 'execute', 'arbitrary', 'sql', 'queries', 'via', 'the', 'sortby', 'variable']",20,['SQL injection vulnerability in bb_memberlist.php for phpBB 1.4.2 allows remote attackers to execute arbitrary SQL queries via the $sortby variable.'],1
CVE-2013-2199,"The HTTP API in WordPress before 3.5.2 allows remote attackers to send HTTP requests to intranet servers via unspecified vectors, related to a Server-Side Request Forgery (SSRF) issue, a similar vulnerability to CVE-2013-0235.",4.3,MEDIUM,2013-07-08T20:55:01.023,CWE-264,"The HTTP API in WordPress before 3.5.2 allows remote attackers to send HTTP requests to intranet servers via unspecified vectors, related to a Server-Side Request Forgery (SSRF) issue, a similar vulnerability to CVE-2013-0235.","{'cve_id': ['CVE-2013-0235'], 'version': ['3.5.2']}","['the', 'http', 'api', 'in', 'wordpress', 'before', '3.5.2', 'allows', 'remote', 'attackers', 'to', 'send', 'http', 'requests', 'to', 'intranet', 'servers', 'via', 'unspecified', 'vectors', 'related', 'to', 'server-side', 'request', 'forgery', 'ssrf', 'issue', 'similar', 'vulnerability', 'to', 'cve-2013-0235']",31,"['The HTTP API in WordPress before 3.5.2 allows remote attackers to send HTTP requests to intranet servers via unspecified vectors, related to a Server-Side Request Forgery (SSRF) issue, a similar vulnerability to CVE-2013-0235.']",1
CVE-2014-9038,"wp-includes/http.php in WordPress before 3.7.5, 3.8.x before 3.8.5, 3.9.x before 3.9.3, and 4.x before 4.0.1 allows remote attackers to conduct server-side request forgery (SSRF) attacks by referring to a 127.0.0.0/8 resource.",6.4,MEDIUM,2014-11-25T23:59:09.287,CWE-20,"wp-includes/http.php in WordPress before 3.7.5, 3.8.x before 3.8.5, 3.9.x before 3.9.3, and 4.x before 4.0.1 allows remote attackers to conduct server-side request forgery (SSRF) attacks by referring to a 127.0.0.0/8 resource.","{'ip_address': ['127.0.0.0'], 'version': ['3.7.5', '3.8.', '3.8.5', '3.9.', '3.9.3', '4.0.1', '127.0.0']}","['wp-includes/http.php', 'in', 'wordpress', 'before', '3.7.5', '3.8.x', 'before', '3.8.5', '3.9.x', 'before', '3.9.3', 'and', '4.x', 'before', '4.0.1', 'allows', 'remote', 'attackers', 'to', 'conduct', 'server-side', 'request', 'forgery', 'ssrf', 'attacks', 'by', 'referring', 'to', '127.0.0.0/8', 'resource']",30,"['wp-includes/http.php in WordPress before 3.7.5, 3.8.x before 3.8.5, 3.9.x before 3.9.3, and 4.x before 4.0.1 allows remote attackers to conduct server-side request forgery (SSRF) attacks by referring to a 127.0.0.0/8 resource.']",1
CVE-2014-9301,"Server-side request forgery (SSRF) vulnerability in the proxy servlet in Alfresco Community Edition before 5.0.a allows remote attackers to trigger outbound requests to intranet servers, conduct port scans, and read arbitrary files via a crafted URI in the endpoint parameter.",6.4,MEDIUM,2014-12-07T21:59:02.570,Unknown,"Server-side request forgery (SSRF) vulnerability in the proxy servlet in Alfresco Community Edition before 5.0.a allows remote attackers to trigger outbound requests to intranet servers, conduct port scans, and read arbitrary files via a crafted URI in the endpoint parameter.",{'version': ['5.0.']},"['server-side', 'request', 'forgery', 'ssrf', 'vulnerability', 'in', 'the', 'proxy', 'servlet', 'in', 'alfresco', 'community', 'edition', 'before', '5.0.a', 'allows', 'remote', 'attackers', 'to', 'trigger', 'outbound', 'requests', 'to', 'intranet', 'servers', 'conduct', 'port', 'scans', 'and', 'read', 'arbitrary', 'files', 'via', 'crafted', 'uri', 'in', 'the', 'endpoint', 'parameter']",39,"['Server-side request forgery (SSRF) vulnerability in the proxy servlet in Alfresco Community Edition before 5.0.a allows remote attackers to trigger outbound requests to intranet servers, conduct port scans, and read arbitrary files via a crafted URI in the endpoint parameter.']",1
CVE-2005-0535,Cross-site request forgery (CSRF) vulnerability in MediaWiki 1.3.x before 1.3.11 and 1.4 beta before 1.4 rc1 allows remote attackers to perform unauthorized actions as authenticated MediaWiki users.,7.5,HIGH,2005-02-22T05:00:00.000,Unknown,Cross-site request forgery (CSRF) vulnerability in MediaWiki 1.3.x before 1.3.11 and 1.4 beta before 1.4 rc1 allows remote attackers to perform unauthorized actions as authenticated MediaWiki users.,"{'version': ['1.3.', '1.3.11', '1.4']}","['cross-site', 'request', 'forgery', 'csrf', 'vulnerability', 'in', 'mediawiki', '1.3.x', 'before', '1.3.11', 'and', '1.4', 'beta', 'before', '1.4', 'rc1', 'allows', 'remote', 'attackers', 'to', 'perform', 'unauthorized', 'actions', 'as', 'authenticated', 'mediawiki', 'users']",27,['Cross-site request forgery (CSRF) vulnerability in MediaWiki 1.3.x before 1.3.11 and 1.4 beta before 1.4 rc1 allows remote attackers to perform unauthorized actions as authenticated MediaWiki users.'],1
CVE-2014-5297,The actionSendErrorReport method in protected/controllers/SiteController.php in X2Engine 2.8 through 4.1.7 allows remote attackers to conduct PHP object injection and Server-Side Request Forgery (SSRF) attacks via crafted serialized data in the report parameter.,7.5,HIGH,2014-10-10T01:55:11.087,CWE-94,The actionSendErrorReport method in protected/controllers/SiteController.php in X2Engine 2.8 through 4.1.7 allows remote attackers to conduct PHP object injection and Server-Side Request Forgery (SSRF) attacks via crafted serialized data in the report parameter.,"{'version': ['2.8', '4.1.7']}","['the', 'actionsenderrorreport', 'method', 'in', 'protected/controllers/sitecontroller.php', 'in', 'x2engine', '2.8', 'through', '4.1.7', 'allows', 'remote', 'attackers', 'to', 'conduct', 'php', 'object', 'injection', 'and', 'server-side', 'request', 'forgery', 'ssrf', 'attacks', 'via', 'crafted', 'serialized', 'data', 'in', 'the', 'report', 'parameter']",32,['The actionSendErrorReport method in protected/controllers/SiteController.php in X2Engine 2.8 through 4.1.7 allows remote attackers to conduct PHP object injection and Server-Side Request Forgery (SSRF) attacks via crafted serialized data in the report parameter.'],1
CVE-2004-0235,"Multiple directory traversal vulnerabilities in LHA 1.14 allow remote attackers or local users to create arbitrary files via an LHA archive containing filenames with (1) .. sequences or (2) absolute pathnames with double leading slashes (""//absolute/path"").",6.4,MEDIUM,2004-08-18T04:00:00.000,Unknown,"Multiple directory traversal vulnerabilities in LHA 1.14 allow remote attackers or local users to create arbitrary files via an LHA archive containing filenames with (1) .. sequences or (2) absolute pathnames with double leading slashes (""//absolute/path"").",{'version': ['1.14']},"['multiple', 'directory', 'traversal', 'vulnerabilities', 'in', 'lha', '1.14', 'allow', 'remote', 'attackers', 'or', 'local', 'users', 'to', 'create', 'arbitrary', 'files', 'via', 'an', 'lha', 'archive', 'containing', 'filenames', 'with', '..', 'sequences', 'or', 'absolute', 'pathnames', 'with', 'double', 'leading', 'slashes', '``', '//absolute/path', ""''""]",36,"['Multiple directory traversal vulnerabilities in LHA 1.14 allow remote attackers or local users to create arbitrary files via an LHA archive containing filenames with (1) .. sequences or (2) absolute pathnames with double leading slashes (""//absolute/path"").']",1
CVE-2004-2403,"Cross-site request forgery (CSRF) vulnerability in YaBB 1 GOLD SP 1.3.2 allows remote attackers to perform unauthorized actions as the administrative user via a link or IMG tag to YaBB.pl that specifies the desired action, id, and moda parameters.",10.0,CRITICAL,2004-12-31T05:00:00.000,Unknown,"Cross-site request forgery (CSRF) vulnerability in YaBB 1 GOLD SP 1.3.2 allows remote attackers to perform unauthorized actions as the administrative user via a link or IMG tag to YaBB.pl that specifies the desired action, id, and moda parameters.",{'version': ['1.3.2']},"['cross-site', 'request', 'forgery', 'csrf', 'vulnerability', 'in', 'yabb', 'gold', 'sp', '1.3.2', 'allows', 'remote', 'attackers', 'to', 'perform', 'unauthorized', 'actions', 'as', 'the', 'administrative', 'user', 'via', 'link', 'or', 'img', 'tag', 'to', 'yabb.pl', 'that', 'specifies', 'the', 'desired', 'action', 'id', 'and', 'moda', 'parameters']",37,"['Cross-site request forgery (CSRF) vulnerability in YaBB 1 GOLD SP 1.3.2 allows remote attackers to perform unauthorized actions as the administrative user via a link or IMG tag to YaBB.pl that specifies the desired action, id, and moda parameters.']",1
CVE-1999-1481,"Squid 2.2.STABLE5 and below, when using external authentication, allows attackers to bypass access controls via a newline in the user/password pair.",5.0,MEDIUM,1999-12-31T05:00:00.000,Unknown,"Squid 2.2.STABLE5 and below, when using external authentication, allows attackers to bypass access controls via a newline in the user/password pair.",{'version': ['2.2.']},"['squid', '2.2.stable5', 'and', 'below', 'when', 'using', 'external', 'authentication', 'allows', 'attackers', 'to', 'bypass', 'access', 'controls', 'via', 'newline', 'in', 'the', 'user/password', 'pair']",20,"['Squid 2.2.STABLE5 and below, when using external authentication, allows attackers to bypass access controls via a newline in the user/password pair.']",1
CVE-1999-1357,"Netscape Communicator 4.04 through 4.7 (and possibly other versions) in various UNIX operating systems converts the 0x8b character to a ""<"" sign, and the 0x9b character to a "">"" sign, which could allow remote attackers to attack other clients via cross-site scripting (CSS) in CGI programs that do not filter these characters.",7.5,HIGH,1999-10-05T04:00:00.000,Unknown,"Netscape Communicator 4.04 through 4.7 (and possibly other versions) in various UNIX operating systems converts the 0x8b character to a """" sign, which could allow remote attackers to attack other clients via cross-site scripting (CSS) in CGI programs that do not filter these characters.","{'version': ['4.04', '4.7']}","['netscape', 'communicator', '4.04', 'through', '4.7', 'and', 'possibly', 'other', 'versions', 'in', 'various', 'unix', 'operating', 'systems', 'converts', 'the', '0x8b', 'character', 'to', '``', ""''"", 'sign', 'which', 'could', 'allow', 'remote', 'attackers', 'to', 'attack', 'other', 'clients', 'via', 'cross-site', 'scripting', 'css', 'in', 'cgi', 'programs', 'that', 'do', 'not', 'filter', 'these', 'characters']",44,"['Netscape Communicator 4.04 through 4.7 (and possibly other versions) in various UNIX operating systems converts the 0x8b character to a """" sign, which could allow remote attackers to attack other clients via cross-site scripting (CSS) in CGI programs that do not filter these characters.']",1
CVE-2013-0235,"The XMLRPC API in WordPress before 3.5.1 allows remote attackers to send HTTP requests to intranet servers, and conduct port-scanning attacks, by specifying a crafted source URL for a pingback, related to a Server-Side Request Forgery (SSRF) issue.",6.4,MEDIUM,2013-07-08T20:55:00.883,Unknown,"The XMLRPC API in WordPress before 3.5.1 allows remote attackers to send HTTP requests to intranet servers, and conduct port-scanning attacks, by specifying a crafted source URL for a pingback, related to a Server-Side Request Forgery (SSRF) issue.",{'version': ['3.5.1']},"['the', 'xmlrpc', 'api', 'in', 'wordpress', 'before', '3.5.1', 'allows', 'remote', 'attackers', 'to', 'send', 'http', 'requests', 'to', 'intranet', 'servers', 'and', 'conduct', 'port-scanning', 'attacks', 'by', 'specifying', 'crafted', 'source', 'url', 'for', 'pingback', 'related', 'to', 'server-side', 'request', 'forgery', 'ssrf', 'issue']",35,"['The XMLRPC API in WordPress before 3.5.1 allows remote attackers to send HTTP requests to intranet servers, and conduct port-scanning attacks, by specifying a crafted source URL for a pingback, related to a Server-Side Request Forgery (SSRF) issue.']",1
CVE-2000-0610,NetWin dMailWeb and cwMail 2.6g and earlier allows remote attackers to bypass authentication and use the server for mail relay via a username that contains a carriage return.,5.0,MEDIUM,2000-06-23T04:00:00.000,Unknown,NetWin dMailWeb and cwMail 2.6g and earlier allows remote attackers to bypass authentication and use the server for mail relay via a username that contains a carriage return.,{'version': ['2.6']},"['netwin', 'dmailweb', 'and', 'cwmail', '2.6g', 'and', 'earlier', 'allows', 'remote', 'attackers', 'to', 'bypass', 'authentication', 'and', 'use', 'the', 'server', 'for', 'mail', 'relay', 'via', 'username', 'that', 'contains', 'carriage', 'return']",26,['NetWin dMailWeb and cwMail 2.6g and earlier allows remote attackers to bypass authentication and use the server for mail relay via a username that contains a carriage return.'],1
CVE-2002-2035,SQL injection vulnerability in RealityScape MyLogin 2000 1.0.0 and earlier allows remote attackers to execute arbitrary SQL commands via the (1) Username or (2) Password in the login form.,7.5,HIGH,2002-12-31T05:00:00.000,Unknown,SQL injection vulnerability in RealityScape MyLogin 2000 1.0.0 and earlier allows remote attackers to execute arbitrary SQL commands via the (1) Username or (2) Password in the login form.,{'version': ['1.0.0']},"['sql', 'injection', 'vulnerability', 'in', 'realityscape', 'mylogin', '2000', '1.0.0', 'and', 'earlier', 'allows', 'remote', 'attackers', 'to', 'execute', 'arbitrary', 'sql', 'commands', 'via', 'the', 'username', 'or', 'password', 'in', 'the', 'login', 'form']",27,['SQL injection vulnerability in RealityScape MyLogin 2000 1.0.0 and earlier allows remote attackers to execute arbitrary SQL commands via the (1) Username or (2) Password in the login form.'],1
CVE-1999-0440,The byte code verifier component of the Java Virtual Machine (JVM) allows remote execution through malicious web pages.,7.5,HIGH,1999-03-01T05:00:00.000,Unknown,The byte code verifier component of the Java Virtual Machine (JVM) allows remote execution through malicious web pages.,{},"['the', 'byte', 'code', 'verifier', 'component', 'of', 'the', 'java', 'virtual', 'machine', 'jvm', 'allows', 'remote', 'execution', 'through', 'malicious', 'web', 'pages']",18,['The byte code verifier component of the Java Virtual Machine (JVM) allows remote execution through malicious web pages.'],1
CVE-2010-3322,The XML parser in Splunk 4.0.0 through 4.1.4 allows remote authenticated users to obtain sensitive information and gain privileges via an XML External Entity (XXE) attack to unknown vectors.,8.8,HIGH,2010-09-14T17:00:02.400,CWE-611,The XML parser in Splunk 4.0.0 through 4.1.4 allows remote authenticated users to obtain sensitive information and gain privileges via an XML External Entity (XXE) attack to unknown vectors.,"{'version': ['4.0.0', '4.1.4']}","['the', 'xml', 'parser', 'in', 'splunk', '4.0.0', 'through', '4.1.4', 'allows', 'remote', 'authenticated', 'users', 'to', 'obtain', 'sensitive', 'information', 'and', 'gain', 'privileges', 'via', 'an', 'xml', 'external', 'entity', 'xxe', 'attack', 'to', 'unknown', 'vectors']",29,['The XML parser in Splunk 4.0.0 through 4.1.4 allows remote authenticated users to obtain sensitive information and gain privileges via an XML External Entity (XXE) attack to unknown vectors.'],1
CVE-2005-1947,Cross-site request forgery (CSRF) vulnerability in Invision Gallery before 1.3.1 allows remote attackers to delete albums and images as another user via a link or IMG tag to the (1) albums or (2) delimg actions.,4.3,MEDIUM,2005-06-09T04:00:00.000,CWE-352,Cross-site request forgery (CSRF) vulnerability in Invision Gallery before 1.3.1 allows remote attackers to delete albums and images as another user via a link or IMG tag to the (1) albums or (2) delimg actions.,{'version': ['1.3.1']},"['cross-site', 'request', 'forgery', 'csrf', 'vulnerability', 'in', 'invision', 'gallery', 'before', '1.3.1', 'allows', 'remote', 'attackers', 'to', 'delete', 'albums', 'and', 'images', 'as', 'another', 'user', 'via', 'link', 'or', 'img', 'tag', 'to', 'the', 'albums', 'or', 'delimg', 'actions']",32,['Cross-site request forgery (CSRF) vulnerability in Invision Gallery before 1.3.1 allows remote attackers to delete albums and images as another user via a link or IMG tag to the (1) albums or (2) delimg actions.'],1
CVE-2000-0120,The Remote Access Service invoke.cfm template in Allaire Spectra 1.0 allows users to bypass authentication via the bAuthenticated parameter.,7.5,HIGH,2000-01-01T05:00:00.000,Unknown,The Remote Access Service invoke.cfm template in Allaire Spectra 1.0 allows users to bypass authentication via the bAuthenticated parameter.,{'version': ['1.0']},"['the', 'remote', 'access', 'service', 'invoke.cfm', 'template', 'in', 'allaire', 'spectra', '1.0', 'allows', 'users', 'to', 'bypass', 'authentication', 'via', 'the', 'bauthenticated', 'parameter']",19,['The Remote Access Service invoke.cfm template in Allaire Spectra 1.0 allows users to bypass authentication via the bAuthenticated parameter.'],1
CVE-2004-0594,"The memory_limit functionality in PHP 4.x up to 4.3.7, and 5.x up to 5.0.0RC3, under certain conditions such as when register_globals is enabled, allows remote attackers to execute arbitrary code by triggering a memory_limit abort during execution of the zend_hash_init function and overwriting a HashTable destructor pointer before the initialization of key data structures is complete.",5.1,MEDIUM,2004-07-27T04:00:00.000,CWE-367,"The memory_limit functionality in PHP 4.x up to 4.3.7, and 5.x up to 5.0.0RC3, under certain conditions such as when register_globals is enabled, allows remote attackers to execute arbitrary code by triggering a memory_limit abort during execution of the zend_hash_init function and overwriting a HashTable destructor pointer before the initialization of key data structures is complete.","{'version': ['4.3.7', '5.0.0']}","['the', 'memory_limit', 'functionality', 'in', 'php', '4.x', 'up', 'to', '4.3.7', 'and', '5.x', 'up', 'to', '5.0.0rc3', 'under', 'certain', 'conditions', 'such', 'as', 'when', 'register_globals', 'is', 'enabled', 'allows', 'remote', 'attackers', 'to', 'execute', 'arbitrary', 'code', 'by', 'triggering', 'memory_limit', 'abort', 'during', 'execution', 'of', 'the', 'zend_hash_init', 'function', 'and', 'overwriting', 'hashtable', 'destructor', 'pointer', 'before', 'the', 'initialization', 'of', 'key', 'data', 'structures', 'is', 'complete']",54,"['The memory_limit functionality in PHP 4.x up to 4.3.7, and 5.x up to 5.0.0RC3, under certain conditions such as when register_globals is enabled, allows remote attackers to execute arbitrary code by triggering a memory_limit abort during execution of the zend_hash_init function and overwriting a HashTable destructor pointer before the initialization of key data structures is complete.']",1
CVE-2004-2560,"DokuWiki before 2004-10-19, when used on a web server that permits execution based on file extension, allows remote attackers to execute arbitrary code by uploading a file with an appropriate extension such as "".php"" or "".cgi"".",7.5,HIGH,2004-12-31T05:00:00.000,Unknown,"DokuWiki before 2004-10-19, when used on a web server that permits execution based on file extension, allows remote attackers to execute arbitrary code by uploading a file with an appropriate extension such as "".php"" or "".cgi"".",{},"['dokuwiki', 'before', '2004-10-19', 'when', 'used', 'on', 'web', 'server', 'that', 'permits', 'execution', 'based', 'on', 'file', 'extension', 'allows', 'remote', 'attackers', 'to', 'execute', 'arbitrary', 'code', 'by', 'uploading', 'file', 'with', 'an', 'appropriate', 'extension', 'such', 'as', '``', '.php', ""''"", 'or', '``', '.cgi', ""''""]",38,"['DokuWiki before 2004-10-19, when used on a web server that permits execution based on file extension, allows remote attackers to execute arbitrary code by uploading a file with an appropriate extension such as "".php"" or "".cgi"".']",1
CVE-2002-0244,Directory traversal vulnerability in chroot function in AtheOS 0.3.7 allows attackers to escape the jail via a .. (dot dot) in the pathname argument to chdir.,7.5,HIGH,2002-05-29T04:00:00.000,Unknown,Directory traversal vulnerability in chroot function in AtheOS 0.3.7 allows attackers to escape the jail via a .. (dot dot) in the pathname argument to chdir.,{'version': ['0.3.7']},"['directory', 'traversal', 'vulnerability', 'in', 'chroot', 'function', 'in', 'atheos', '0.3.7', 'allows', 'attackers', 'to', 'escape', 'the', 'jail', 'via', '..', 'dot', 'dot', 'in', 'the', 'pathname', 'argument', 'to', 'chdir']",25,['Directory traversal vulnerability in chroot function in AtheOS 0.3.7 allows attackers to escape the jail via a .. (dot dot) in the pathname argument to chdir.'],1
CVE-2011-0212,"servermgrd in Apple Mac OS X before 10.6.8 allows remote attackers to read arbitrary files, and possibly send HTTP requests to intranet servers or cause a denial of service (CPU and memory consumption), via an XML-RPC request containing an entity declaration in conjunction with an entity reference, related to an XML External Entity (aka XXE) issue.",6.4,MEDIUM,2011-06-24T20:55:02.590,CWE-399,"servermgrd in Apple Mac OS X before 10.6.8 allows remote attackers to read arbitrary files, and possibly send HTTP requests to intranet servers or cause a denial of service (CPU and memory consumption), via an XML-RPC request containing an entity declaration in conjunction with an entity reference, related to an XML External Entity (aka XXE) issue.",{'version': ['10.6.8']},"['servermgrd', 'in', 'apple', 'mac', 'os', 'before', '10.6.8', 'allows', 'remote', 'attackers', 'to', 'read', 'arbitrary', 'files', 'and', 'possibly', 'send', 'http', 'requests', 'to', 'intranet', 'servers', 'or', 'cause', 'denial', 'of', 'service', 'cpu', 'and', 'memory', 'consumption', 'via', 'an', 'xml-rpc', 'request', 'containing', 'an', 'entity', 'declaration', 'in', 'conjunction', 'with', 'an', 'entity', 'reference', 'related', 'to', 'an', 'xml', 'external', 'entity', 'aka', 'xxe', 'issue']",54,"['servermgrd in Apple Mac OS X before 10.6.8 allows remote attackers to read arbitrary files, and possibly send HTTP requests to intranet servers or cause a denial of service (CPU and memory consumption), via an XML-RPC request containing an entity declaration in conjunction with an entity reference, related to an XML External Entity (aka XXE) issue.']",1
CVE-2002-1648,Cross-site request forgery (CSRF) vulnerability in compose.php in SquirrelMail before 1.2.3 allows remote attackers to send email as other users via an IMG URL with modified send_to and subject parameters.,7.5,HIGH,2002-12-31T05:00:00.000,Unknown,Cross-site request forgery (CSRF) vulnerability in compose.php in SquirrelMail before 1.2.3 allows remote attackers to send email as other users via an IMG URL with modified send_to and subject parameters.,{'version': ['1.2.3']},"['cross-site', 'request', 'forgery', 'csrf', 'vulnerability', 'in', 'compose.php', 'in', 'squirrelmail', 'before', '1.2.3', 'allows', 'remote', 'attackers', 'to', 'send', 'email', 'as', 'other', 'users', 'via', 'an', 'img', 'url', 'with', 'modified', 'send_to', 'and', 'subject', 'parameters']",30,['Cross-site request forgery (CSRF) vulnerability in compose.php in SquirrelMail before 1.2.3 allows remote attackers to send email as other users via an IMG URL with modified send_to and subject parameters.'],1
CVE-2011-4107,"The simplexml_load_string function in the XML import plug-in (libraries/import/xml.php) in phpMyAdmin 3.4.x before 3.4.7.1 and 3.3.x before 3.3.10.5 allows remote authenticated users to read arbitrary files via XML data containing external entity references, aka an XML external entity (XXE) injection attack.",6.5,MEDIUM,2011-11-17T19:55:01.517,CWE-611,"The simplexml_load_string function in the XML import plug-in (libraries/import/xml.php) in phpMyAdmin 3.4.x before 3.4.7.1 and 3.3.x before 3.3.10.5 allows remote authenticated users to read arbitrary files via XML data containing external entity references, aka an XML external entity (XXE) injection attack.","{'ip_address': ['3.4.7.1', '3.3.10.5'], 'version': ['3.4.', '3.4.7', '3.3.', '3.3.10']}","['the', 'simplexml_load_string', 'function', 'in', 'the', 'xml', 'import', 'plug-in', 'libraries/import/xml.php', 'in', 'phpmyadmin', '3.4.x', 'before', '3.4.7.1', 'and', '3.3.x', 'before', '3.3.10.5', 'allows', 'remote', 'authenticated', 'users', 'to', 'read', 'arbitrary', 'files', 'via', 'xml', 'data', 'containing', 'external', 'entity', 'references', 'aka', 'an', 'xml', 'external', 'entity', 'xxe', 'injection', 'attack']",41,"['The simplexml_load_string function in the XML import plug-in (libraries/import/xml.php) in phpMyAdmin 3.4.x before 3.4.7.1 and 3.3.x before 3.3.10.5 allows remote authenticated users to read arbitrary files via XML data containing external entity references, aka an XML external entity (XXE) injection attack.']",1
CVE-1999-1591,"Microsoft Internet Information Services (IIS) server 4.0 SP4, without certain hotfixes released for SP4, does not require authentication credentials under certain conditions, which allows remote attackers to bypass authentication requirements, as demonstrated by connecting via Microsoft Visual InterDev 6.0.",7.5,HIGH,1999-12-31T05:00:00.000,Unknown,"Microsoft Internet Information Services (IIS) server 4.0 SP4, without certain hotfixes released for SP4, does not require authentication credentials under certain conditions, which allows remote attackers to bypass authentication requirements, as demonstrated by connecting via Microsoft Visual InterDev 6.0.","{'version': ['4.0', '6.0.']}","['microsoft', 'internet', 'information', 'services', 'iis', 'server', '4.0', 'sp4', 'without', 'certain', 'hotfixes', 'released', 'for', 'sp4', 'does', 'not', 'require', 'authentication', 'credentials', 'under', 'certain', 'conditions', 'which', 'allows', 'remote', 'attackers', 'to', 'bypass', 'authentication', 'requirements', 'as', 'demonstrated', 'by', 'connecting', 'via', 'microsoft', 'visual', 'interdev', '6.0']",39,"['Microsoft Internet Information Services (IIS) server 4.0 SP4, without certain hotfixes released for SP4, does not require authentication credentials under certain conditions, which allows remote attackers to bypass authentication requirements, as demonstrated by connecting via Microsoft Visual InterDev 6.0.']",1
CVE-2001-1224,get_input in adrotate.pm for Les VanBrunt AdRotate Pro 2.0 allows remote attackers to modify the database and possibly execute arbitrary commands via a SQL code injection attack.,7.5,HIGH,2001-12-23T05:00:00.000,Unknown,get_input in adrotate.pm for Les VanBrunt AdRotate Pro 2.0 allows remote attackers to modify the database and possibly execute arbitrary commands via a SQL code injection attack.,{'version': ['2.0']},"['get_input', 'in', 'adrotate.pm', 'for', 'les', 'vanbrunt', 'adrotate', 'pro', '2.0', 'allows', 'remote', 'attackers', 'to', 'modify', 'the', 'database', 'and', 'possibly', 'execute', 'arbitrary', 'commands', 'via', 'sql', 'code', 'injection', 'attack']",26,['get_input in adrotate.pm for Les VanBrunt AdRotate Pro 2.0 allows remote attackers to modify the database and possibly execute arbitrary commands via a SQL code injection attack.'],1
CVE-2001-1441,"Cross-site scripting (XSS) vulnerability in VisualAge for Java 3.5 Professional allows remote attackers to execute JavaScript on other clients via the URL, which injects the script in the resulting error message.",6.8,MEDIUM,2001-07-02T04:00:00.000,Unknown,"Cross-site scripting (XSS) vulnerability in VisualAge for Java 3.5 Professional allows remote attackers to execute JavaScript on other clients via the URL, which injects the script in the resulting error message.",{'version': ['3.5']},"['cross-site', 'scripting', 'xss', 'vulnerability', 'in', 'visualage', 'for', 'java', '3.5', 'professional', 'allows', 'remote', 'attackers', 'to', 'execute', 'javascript', 'on', 'other', 'clients', 'via', 'the', 'url', 'which', 'injects', 'the', 'script', 'in', 'the', 'resulting', 'error', 'message']",31,"['Cross-site scripting (XSS) vulnerability in VisualAge for Java 3.5 Professional allows remote attackers to execute JavaScript on other clients via the URL, which injects the script in the resulting error message.']",1
CVE-2001-1257,Cross-site scripting vulnerability in Horde Internet Messaging Program (IMP) before 2.2.6 and 1.2.6 allows remote attackers to execute arbitrary Javascript embedded in an email.,7.5,HIGH,2001-07-21T04:00:00.000,Unknown,Cross-site scripting vulnerability in Horde Internet Messaging Program (IMP) before 2.2.6 and 1.2.6 allows remote attackers to execute arbitrary Javascript embedded in an email.,"{'version': ['2.2.6', '1.2.6']}","['cross-site', 'scripting', 'vulnerability', 'in', 'horde', 'internet', 'messaging', 'program', 'imp', 'before', '2.2.6', 'and', '1.2.6', 'allows', 'remote', 'attackers', 'to', 'execute', 'arbitrary', 'javascript', 'embedded', 'in', 'an', 'email']",24,['Cross-site scripting vulnerability in Horde Internet Messaging Program (IMP) before 2.2.6 and 1.2.6 allows remote attackers to execute arbitrary Javascript embedded in an email.'],1
CVE-2001-1379,"The PostgreSQL authentication modules (1) mod_auth_pgsql 0.9.5, and (2) mod_auth_pgsql_sys 0.9.4, allow remote attackers to bypass authentication and execute arbitrary SQL via a SQL injection attack on the user name.",7.5,HIGH,2001-08-29T04:00:00.000,Unknown,"The PostgreSQL authentication modules (1) mod_auth_pgsql 0.9.5, and (2) mod_auth_pgsql_sys 0.9.4, allow remote attackers to bypass authentication and execute arbitrary SQL via a SQL injection attack on the user name.","{'version': ['0.9.5', '0.9.4']}","['the', 'postgresql', 'authentication', 'modules', 'mod_auth_pgsql', '0.9.5', 'and', 'mod_auth_pgsql_sys', '0.9.4', 'allow', 'remote', 'attackers', 'to', 'bypass', 'authentication', 'and', 'execute', 'arbitrary', 'sql', 'via', 'sql', 'injection', 'attack', 'on', 'the', 'user', 'name']",27,"['The PostgreSQL authentication modules (1) mod_auth_pgsql 0.9.5, and (2) mod_auth_pgsql_sys 0.9.4, allow remote attackers to bypass authentication and execute arbitrary SQL via a SQL injection attack on the user name.']",1
CVE-2002-0985,"Argument injection vulnerability in the mail function for PHP 4.x to 4.2.2 may allow attackers to bypass safe mode restrictions and modify command line arguments to the MTA (e.g. sendmail) in the 5th argument to mail(), altering MTA behavior and possibly executing commands.",7.5,HIGH,2002-09-24T04:00:00.000,CWE-88,"Argument injection vulnerability in the mail function for PHP 4.x to 4.2.2 may allow attackers to bypass safe mode restrictions and modify command line arguments to the MTA (e.g. sendmail) in the 5th argument to mail(), altering MTA behavior and possibly executing commands.",{'version': ['4.2.2']},"['argument', 'injection', 'vulnerability', 'in', 'the', 'mail', 'function', 'for', 'php', '4.x', 'to', '4.2.2', 'may', 'allow', 'attackers', 'to', 'bypass', 'safe', 'mode', 'restrictions', 'and', 'modify', 'command', 'line', 'arguments', 'to', 'the', 'mta', 'e.g', 'sendmail', 'in', 'the', '5th', 'argument', 'to', 'mail', 'altering', 'mta', 'behavior', 'and', 'possibly', 'executing', 'commands']",43,"['Argument injection vulnerability in the mail function for PHP 4.x to 4.2.2 may allow attackers to bypass safe mode restrictions and modify command line arguments to the MTA (e.g.', 'sendmail) in the 5th argument to mail(), altering MTA behavior and possibly executing commands.']",2
CVE-2011-2206,"XMLParser.pm in DJabberd before 0.85 allows remote authenticated users to read arbitrary files, and possibly send HTTP requests to intranet servers or cause a denial of service (CPU and memory consumption), via an XML external entity declaration in conjunction with an entity reference, a different vulnerability than CVE-2011-1757.",5.5,MEDIUM,2011-06-22T22:55:04.230,CWE-399,"XMLParser.pm in DJabberd before 0.85 allows remote authenticated users to read arbitrary files, and possibly send HTTP requests to intranet servers or cause a denial of service (CPU and memory consumption), via an XML external entity declaration in conjunction with an entity reference, a different vulnerability than CVE-2011-1757.","{'cve_id': ['CVE-2011-1757'], 'version': ['0.85']}","['xmlparser.pm', 'in', 'djabberd', 'before', '0.85', 'allows', 'remote', 'authenticated', 'users', 'to', 'read', 'arbitrary', 'files', 'and', 'possibly', 'send', 'http', 'requests', 'to', 'intranet', 'servers', 'or', 'cause', 'denial', 'of', 'service', 'cpu', 'and', 'memory', 'consumption', 'via', 'an', 'xml', 'external', 'entity', 'declaration', 'in', 'conjunction', 'with', 'an', 'entity', 'reference', 'different', 'vulnerability', 'than', 'cve-2011-1757']",46,"['XMLParser.pm in DJabberd before 0.85 allows remote authenticated users to read arbitrary files, and possibly send HTTP requests to intranet servers or cause a denial of service (CPU and memory consumption), via an XML external entity declaration in conjunction with an entity reference, a different vulnerability than CVE-2011-1757.']",1
CVE-2001-1348,TWIG 2.6.2 and earlier allows remote attackers to perform unauthorized database operations via a SQL injection attack on the id parameter.,7.5,HIGH,2001-05-28T04:00:00.000,Unknown,TWIG 2.6.2 and earlier allows remote attackers to perform unauthorized database operations via a SQL injection attack on the id parameter.,{'version': ['2.6.2']},"['twig', '2.6.2', 'and', 'earlier', 'allows', 'remote', 'attackers', 'to', 'perform', 'unauthorized', 'database', 'operations', 'via', 'sql', 'injection', 'attack', 'on', 'the', 'id', 'parameter']",20,['TWIG 2.6.2 and earlier allows remote attackers to perform unauthorized database operations via a SQL injection attack on the id parameter.'],1
CVE-2019-6980,Synacor Zimbra Collaboration Suite 8.7.x through 8.8.11 allows insecure object deserialization in the IMAP component.,7.5,HIGH,2019-05-29T22:29:01.413,CWE-502,Synacor Zimbra Collaboration Suite 8.7.x through 8.8.11 allows insecure object deserialization in the IMAP component.,"{'version': ['8.7.', '8.8.11']}","['synacor', 'zimbra', 'collaboration', 'suite', '8.7.x', 'through', '8.8.11', 'allows', 'insecure', 'object', 'deserialization', 'in', 'the', 'imap', 'component']",15,['Synacor Zimbra Collaboration Suite 8.7.x through 8.8.11 allows insecure object deserialization in the IMAP component.'],1
CVE-2003-1545,"Absolute path traversal vulnerability in nukestyles.com viewpage.php addon for PHP-Nuke allows remote attackers to read arbitrary files via a full pathname in the file parameter.  NOTE: This was originally reported as an issue in PHP-Nuke 6.5, but this is an independent addon.",5.0,MEDIUM,2003-12-31T05:00:00.000,CWE-22,"Absolute path traversal vulnerability in nukestyles.com viewpage.php addon for PHP-Nuke allows remote attackers to read arbitrary files via a full pathname in the file parameter. NOTE: This was originally reported as an issue in PHP-Nuke 6.5, but this is an independent addon.",{'version': ['6.5']},"['absolute', 'path', 'traversal', 'vulnerability', 'in', 'nukestyles.com', 'viewpage.php', 'addon', 'for', 'php-nuke', 'allows', 'remote', 'attackers', 'to', 'read', 'arbitrary', 'files', 'via', 'full', 'pathname', 'in', 'the', 'file', 'parameter', 'note', 'this', 'was', 'originally', 'reported', 'as', 'an', 'issue', 'in', 'php-nuke', '6.5', 'but', 'this', 'is', 'an', 'independent', 'addon']",41,"['Absolute path traversal vulnerability in nukestyles.com viewpage.php addon for PHP-Nuke allows remote attackers to read arbitrary files via a full pathname in the file parameter.', 'NOTE: This was originally reported as an issue in PHP-Nuke 6.5, but this is an independent addon.']",2
CVE-2003-1463,"Absolute path traversal vulnerability in Alt-N Technologies WebAdmin 2.0.0 through 2.0.2 allows remote attackers with administrator privileges to (1) determine the installation path by reading the contents of the Name parameter in a link, and (2) read arbitrary files via an absolute path in the Name parameter.",3.5,LOW,2003-12-31T05:00:00.000,CWE-20,"Absolute path traversal vulnerability in Alt-N Technologies WebAdmin 2.0.0 through 2.0.2 allows remote attackers with administrator privileges to (1) determine the installation path by reading the contents of the Name parameter in a link, and (2) read arbitrary files via an absolute path in the Name parameter.","{'version': ['2.0.0', '2.0.2']}","['absolute', 'path', 'traversal', 'vulnerability', 'in', 'alt-n', 'technologies', 'webadmin', '2.0.0', 'through', '2.0.2', 'allows', 'remote', 'attackers', 'with', 'administrator', 'privileges', 'to', 'determine', 'the', 'installation', 'path', 'by', 'reading', 'the', 'contents', 'of', 'the', 'name', 'parameter', 'in', 'link', 'and', 'read', 'arbitrary', 'files', 'via', 'an', 'absolute', 'path', 'in', 'the', 'name', 'parameter']",44,"['Absolute path traversal vulnerability in Alt-N Technologies WebAdmin 2.0.0 through 2.0.2 allows remote attackers with administrator privileges to (1) determine the installation path by reading the contents of the Name parameter in a link, and (2) read arbitrary files via an absolute path in the Name parameter.']",1
